Source Page,Link,Status,Link Text
"https://amigos.org","http://www.twitter.com/@AmigosLibServ",520,""
"https://amigos.org/services/continuing-education","https://mycourses.amigos.org/bbb-requirements",403,"BigBlueButton's detailed requirements page"
"https://amigos.org/services/association-management","http://www.oklibs.org/",403,"Oklahoma Library Association"
"https://amigos.org/news/products-and-partnerships","https://academic.oup.com/edited-volume/62566",403,"Gender & Women’s History"
"https://amigos.org/services/continuing-education/free-courses","https://amigos.org/services/continuing-education/hive-unlocking-power-apis-libraries",403,"The Hive: Unlocking the Power of APIs in Libraries"
"https://amigos.org/services/continuing-education/free-courses","https://amigos.org/services/continuing-education/discover-hyku-empowering-libraries-open-source-repository-solutions",403,"Discover Hyku: Empowering Libraries with Open-Source Repository Solutions"
"https://amigos.org/services/job-bank/collections-manager-kansas-city-public-library-kansas-city-mo","https://recruiting.paylocity.com/Recruiting/Jobs/Details/4208262",404,"(https://recruiting.paylocity.com/Recruiting/Jobs/Details/4208262)"
"https://amigos.org/services/job-bank/collections-manager-kansas-city-public-library-kansas-city-mo","https://recruiting.paylocity.com/Recruiting/Jobs/All/a45c252a-e08e-4f47-8138-cd684ec9a0dd",404,"https://recruiting.paylocity.com/Recruiting/Jobs/All/a45c252a-e08e-4f47-8138-cd684ec9a0dd"
"https://amigos.org/services/job-bank/lending-technology-specialist-kansas-city-public-library-kansas-city-mo","https://recruiting.paylocity.com/Recruiting/Jobs/Apply/4164992",404,"https://recruiting.paylocity.com/Recruiting/Jobs/Apply/4164992"
"https://amigos.org/services/job-bank/grant-accountant-kansas-city-public-library-kansas-city-mo","https://recruiting.paylocity.com/Recruiting/Jobs/Details/4201577",404,"(https://recruiting.paylocity.com/Recruiting/Jobs/Details/4201577"")"
"https://amigos.org/services/job-bank/circulation-manager-university-missouri-st-louis-st-louis-mo","https://erecruit.umsystem.edu/psc/tamext/STLOU/HRMS/c/HRS_HRAM_FL.HRS_CG_SEARCH_FL.GBL?Page=HRS_APP_SCHJOB_FL&Action=U",405,"https://erecruit.umsystem.edu/psc/tamext/STLOU/HRMS/c/HRS_HRAM_FL.HRS_CG_SEARCH_FL.GBL?Page=HRS_APP_SCHJOB_FL&Action=U"
"https://amigos.org/services/job-bank/library-associate-pioneer-library-system-purcell-ok-0","https://protect.checkpoint.com/v2/r01/___http:/www.pioneerlibrarysystem.org___.YzJ1OmFtaWdvc2xpYnJhcnlzZXJ2aWNlczE6YzpvZmZpY2UzNjVfZW1haWxzX2F0dGFjaG1lbnQ6MTZkOGNjYzQ5MjA0MzkxYzNkYmZlOTJjYzZmYzBiNjE6Nzo2NTA3OmNiY2IxYjFlMGU1OTRhZmQyZDQxMTIwNWYwMGRmMjFjZTc3ZDkyYTI4MGYyODUxY2YzZGJlMTE3ODY0Y2E3NGQ6cDpUOkY",403,"www.pioneerlibrarysystem.org"
"https://amigos.org/services/job-bank/library-division-manager-customer-access-austin-public-library-austin-tx","https://amigos.org/www.austintexas.gov/sites/default/files/files/Employment/new_hire_driver_safety_standards.pdf",404,"Driver Safety Program"
"https://amigos.org/services/job-bank/library-marketing-engagement-coordinator-texas-christian-university-fort-worth-tx","https://protect.checkpoint.com/v2/r01/___https://jobs.tcu.edu/jobs/library-marketing-engagement-coordinator-tcu-main-campus-texas-united-states___.YzJ1OmFtaWdvc2xpYnJhcnlzZXJ2aWNlczE6YzpvOmVkMzZjODllY2QyNWMzZTg3Mzk2OTZjMmU0NzU3YmVmOjc6YjYzNzozYTAxMDI2ODE2Zjk3YmNlYzEyODVmYjUwNzQxNTZlYjJkZjdhM2M3MGRkMWM4Yjk4MTdhNjRjNzk0ZTg0YzI1Omg6VDpG",403,"https://jobs.tcu.edu/jobs/library-marketing-engagement-coordinator-tcu-main-campus-texas-united-states"
"https://amigos.org/services/job-bank/human-resources-assistant-illinois-heartland-library-system-edwardsville-il","https://recruiting.paylocity.com/recruiting/jobs/Details/4161730/Illinois-Heartland-Library-System/Human-Resources-Assistant",404,"go to the IHLS website"
"https://amigos.org/services/job-bank/scholarly-communication-librarian-university-arkansas-little-rock-little-rock-ar","https://protect.checkpoint.com/v2/r01/___https://uasys.wd5.myworkdayjobs.com/UASYS/job/Little-Rock/Scholarly-Communication-Librarian_R0085106___.YzJ1OmFtaWdvc2xpYnJhcnlzZXJ2aWNlczE6YzpvOjJiODRiZjNmOTAyZDY1YTlkNzVkYmI2MWFjZTBjOGNlOjc6ZjY4Mjo5ZmZkYzk4ZmNkMmNlNWMwZDIwNDQ4OTZiNzhmODZkN2I4ZjdjZTY0NzBmMTVjMjU0YjQ5MzAyOTZkOTU5YWI4Omg6VDpG",403,""
"https://amigos.org/services/online-conference/digital-accessibility-in-libraries","https://mycourses.amigos.org/course/view.php?id=1902",403,"Go to Session"
"https://amigos.org/services/online-conference/digital-accessibility-in-libraries","https://mycourses.amigos.org/course/view.php?id=1900",403,"Go to Session"
"https://amigos.org/services/online-conference/digital-accessibility-in-libraries","https://mycourses.amigos.org/course/view.php?id=1901",403,"Go to Session"
"https://amigos.org/services/online-conference/digital-accessibility-in-libraries","https://amigos.org/node/12794%20#paragraph-352",404,"Amy Drayer"
"https://amigos.org/services/online-conference/digital-accessibility-in-libraries","https://amigos.org/node/12794%20#paragraph-358",404,"Rachel Baack"
"https://amigos.org/services/online-conference/digital-accessibility-in-libraries","https://amigos.org/node/12794%20#paragraph-359",404,"Patti Bruno"
"https://amigos.org/services/online-conference/digital-accessibility-in-libraries","https://amigos.org/node/12794%20#paragraph-353",404,"Opening Keynote - Digital Accessibility for Libraries in 2026"
"https://amigos.org/services/online-conference/digital-accessibility-in-libraries","https://amigos.org/node/12794%20#paragraph-361",404,"Accessibility in Action: Steps, Strategies, and Tools to Scale the Mountain"
"https://amigos.org/services/online-conference/digital-accessibility-in-libraries","https://amigos.org/node/12794%20#paragraph-355",404,"Transcripts and Captions and Metadata, Oh My!: A Case Study on Making Digitized Film Accessible"
"https://amigos.org/services/online-conference/digital-accessibility-in-libraries","https://amigos.org/node/12794%20#paragraph-360",404,"Heather Lundy"
"https://amigos.org/services/online-conference/digital-accessibility-in-libraries","https://amigos.org/node/12794%20#paragraph-356",404,"Kristin Flachsbart"
"https://amigos.org/services/online-conference/digital-accessibility-in-libraries","https://amigos.org/node/12794%20#paragraph-354",404,"Matthew Mayton"
"https://amigos.org/services/online-conference/digital-accessibility-in-libraries","https://amigos.org/node/12794%20#paragraph-357",404,"Autumn Roberts"
"https://amigos.org/services/online-conference/digital-accessibility-in-libraries","https://amigos.org/node/12794%20#paragraph-370",404,"Where Do We Go from Here? A Discussion on Library Accessibility Next Steps"
"https://amigos.org/services/online-conference/digital-accessibility-in-libraries","https://amigos.org/node/12794%20#paragraph-364",404,"Make Your Videos Accessible"
"https://amigos.org/services/online-conference/digital-accessibility-in-libraries","https://amigos.org/node/12794%20#paragraph-366",404,"Jingjing Wu"
"https://amigos.org/services/online-conference/digital-accessibility-in-libraries","https://amigos.org/node/12794%20#paragraph-363",404,"Rebecca Paulraj"
"https://amigos.org/services/online-conference/digital-accessibility-in-libraries","https://amigos.org/node/12794%20#paragraph-362",404,"Naomi Schemm"
"https://amigos.org/services/online-conference/digital-accessibility-in-libraries","https://amigos.org/node/12794%20#paragraph-367",404,"Accessibility-first Strategies for Digital Content"
"https://amigos.org/services/online-conference/digital-accessibility-in-libraries","https://mycourses.amigos.org/course/view.php?id=1903",403,"Go to Session"
"https://amigos.org/services/online-conference/digital-accessibility-in-libraries","https://mycourses.amigos.org/course/view.php?id=1905",403,"Go to Session"
"https://amigos.org/services/online-conference/digital-accessibility-in-libraries","https://amigos.org/node/12794%20#paragraph-368",404,"Christina Pryor"
"https://amigos.org/services/online-conference/digital-accessibility-in-libraries","https://amigos.org/node/12794%20#paragraph-369",404,"Kyla Hunt"
"https://amigos.org/services/online-conference/digital-accessibility-in-libraries","https://amigos.org/node/12794%20#paragraph-365",404,"Holli Kubly"
"https://amigos.org/services/online-conference/digital-accessibility-in-libraries","https://mycourses.amigos.org/course/view.php?id=1904",403,"Go to Session"
"https://amigos.org/services/online-conference/practical-paths-to-the-ai-enhanced-library","https://mycourses.amigos.org/course/view.php?id=1881",403,"Go to Session"
"https://amigos.org/services/online-conference/practical-paths-to-the-ai-enhanced-library","https://mycourses.amigos.org/login/index.php",403,"Login"
"https://amigos.org/services/online-conference/practical-paths-to-the-ai-enhanced-library","https://mycourses.amigos.org/course/view.php?id=1882",403,"Go to Session"
"https://amigos.org/services/online-conference/practical-paths-to-the-ai-enhanced-library","https://amigos.org/node/12725%20#paragraph-305",404,"Melissa Johnson"
"https://amigos.org/services/online-conference/practical-paths-to-the-ai-enhanced-library","https://amigos.org/node/12725%20#paragraph-306",404,"Rapid Response to AI: Everything Counts"
"https://amigos.org/services/online-conference/practical-paths-to-the-ai-enhanced-library","https://amigos.org/node/12725%20#paragraph-299",404,"Mimi Calter"
"https://amigos.org/services/online-conference/practical-paths-to-the-ai-enhanced-library","https://amigos.org/node/12725%20#paragraph-300",404,"Opening Keynote - Partnerships in Action: WashU Libraries & DI2 Navigating AI-Enhanced Services"
"https://amigos.org/services/online-conference/practical-paths-to-the-ai-enhanced-library","https://amigos.org/node/12725%20#paragraph-303",404,"Ramón García"
"https://amigos.org/services/online-conference/practical-paths-to-the-ai-enhanced-library","https://amigos.org/node/12725%20#paragraph-301",404,"Rebecca Graff"
"https://amigos.org/services/online-conference/practical-paths-to-the-ai-enhanced-library","https://amigos.org/node/12725%20#paragraph-318",404,"Kelly Walker-Moseley"
"https://amigos.org/services/online-conference/practical-paths-to-the-ai-enhanced-library","https://amigos.org/node/12725%20#paragraph-302",404,"Julia Anderson"
"https://amigos.org/services/online-conference/practical-paths-to-the-ai-enhanced-library","https://amigos.org/node/12725%20#paragraph-304",404,"Megan Heuer"
"https://amigos.org/services/online-conference/practical-paths-to-the-ai-enhanced-library","https://amigos.org/node/12725%20#paragraph-308",404,"More Than Pretty Pictures: Text and Data Extraction to Maximize Usefulness of Digitized Materials"
"https://amigos.org/services/online-conference/practical-paths-to-the-ai-enhanced-library","https://amigos.org/node/12725%20#paragraph-311",404,"Synae Yoon"
"https://amigos.org/services/online-conference/practical-paths-to-the-ai-enhanced-library","https://amigos.org/node/12725%20#paragraph-307",404,"Steven Pryor"
"https://amigos.org/services/online-conference/practical-paths-to-the-ai-enhanced-library","https://amigos.org/node/12725%20#paragraph-315",404,"Gene-AI-ology: Harnessing the Power of Artificial Intelligence in Family History Research"
"https://amigos.org/services/online-conference/practical-paths-to-the-ai-enhanced-library","https://amigos.org/node/12725%20#paragraph-312",404,"Tue Vu, PhD"
"https://amigos.org/services/online-conference/practical-paths-to-the-ai-enhanced-library","https://amigos.org/node/12725%20#paragraph-310",404,"Lunch Break"
"https://amigos.org/services/online-conference/practical-paths-to-the-ai-enhanced-library","https://amigos.org/node/12725%20#paragraph-313",404,"Fixed-Prompt Metadata Workflows: Practical Paths to the AI-Enhanced Library"
"https://amigos.org/services/online-conference/practical-paths-to-the-ai-enhanced-library","https://mycourses.amigos.org/course/view.php?id=1883",403,"Go to Session"
"https://amigos.org/services/online-conference/practical-paths-to-the-ai-enhanced-library","https://amigos.org/node/12725%20#paragraph-314",404,"Rachael Scott"
"https://amigos.org/services/online-conference/practical-paths-to-the-ai-enhanced-library","https://mycourses.amigos.org/course/view.php?id=1884",403,"Go to Session"
"https://amigos.org/services/online-conference/practical-paths-to-the-ai-enhanced-library","https://amigos.org/node/12725%20#paragraph-316",404,"Lauren Hays"
"https://amigos.org/services/online-conference/practical-paths-to-the-ai-enhanced-library","https://mycourses.amigos.org/course/view.php?id=1886",403,"Go to Session"
"https://amigos.org/services/online-conference/practical-paths-to-the-ai-enhanced-library","https://amigos.org/node/12725%20#paragraph-317",404,"Closing Keynote - The Human Element: Maintaining Judgment and Accountability When AI is Used"
"https://amigos.org/services/online-conference/practical-paths-to-the-ai-enhanced-library","https://mycourses.amigos.org/course/view.php?id=1885",403,"Go to Session"
"https://amigos.org/services/online-conference/libraries-cultivating-community","https://mycourses.amigos.org/course/view.php?id=1853",403,"Go to Session"
"https://amigos.org/services/online-conference/libraries-cultivating-community","https://mycourses.amigos.org/course/view.php?id=1855",403,"Go to Session"
"https://amigos.org/services/online-conference/libraries-cultivating-community","https://mycourses.amigos.org/course/view.php?id=1852",403,"Go to Session"
"https://amigos.org/services/online-conference/libraries-cultivating-community","https://amigos.org/node/12651%20#paragraph-272",404,"Lunch Break"
"https://amigos.org/services/online-conference/libraries-cultivating-community","https://amigos.org/node/12651%20#paragraph-263",404,"Taking A ""Paws""-- Kitten Cuddle Puddle with Barnie's Place Feline Rescue"
"https://amigos.org/services/online-conference/libraries-cultivating-community","https://amigos.org/node/12651%20#paragraph-268",404,"Sue Lightfoot-Horine"
"https://amigos.org/services/online-conference/libraries-cultivating-community","https://amigos.org/node/12651%20#paragraph-260",404,"Alyssa Brissett"
"https://amigos.org/services/online-conference/libraries-cultivating-community","https://amigos.org/node/12651%20#paragraph-259",404,"Diana Moronta"
"https://amigos.org/services/online-conference/libraries-cultivating-community","https://amigos.org/node/12651%20#paragraph-262",404,"Amanda May"
"https://amigos.org/services/online-conference/libraries-cultivating-community","https://amigos.org/node/12651%20#paragraph-261",404,"Opening Keynote: Lifting as We Climb: Building Community in Libraries"
"https://amigos.org/services/online-conference/libraries-cultivating-community","https://amigos.org/node/12651%20#paragraph-270",404,"Feed the Funnel"
"https://amigos.org/services/online-conference/libraries-cultivating-community","https://amigos.org/node/12651%20#paragraph-269",404,"Maggie Moore"
"https://amigos.org/services/online-conference/libraries-cultivating-community","https://amigos.org/node/12651%20#paragraph-273",404,"Leslie Kravitz Fox"
"https://amigos.org/services/online-conference/libraries-cultivating-community","https://amigos.org/node/12651%20#paragraph-274",404,"Building Community Through Body-Mind Wellness Programming"
"https://amigos.org/services/online-conference/libraries-cultivating-community","https://amigos.org/node/12651%20#paragraph-278",404,"Closing Keynote: The Power of Place: Building Futures Through Innovation and Inclusion"
"https://amigos.org/services/online-conference/libraries-cultivating-community","https://amigos.org/node/12651%20#paragraph-277",404,"Megan Phifer-Davis"
"https://amigos.org/services/online-conference/libraries-cultivating-community","https://amigos.org/node/12651%20#paragraph-276",404,"Spiva Library is Feeding the Pride at MSSU"
"https://amigos.org/services/online-conference/libraries-cultivating-community","https://amigos.org/node/12651%20#paragraph-275",404,"Amber Carr"
"https://amigos.org/services/online-conference/libraries-cultivating-community","https://mycourses.amigos.org/course/view.php?id=1858",403,"Go to Session"
"https://amigos.org/services/online-conference/libraries-cultivating-community","https://mycourses.amigos.org/course/view.php?id=1856",403,"Go to Session"
"https://amigos.org/services/online-conference/libraries-cultivating-community","https://mycourses.amigos.org/course/view.php?id=1857",403,"Go to Session"
"https://amigos.org/membership/annual-conference/2026","https://mycourse.amigos.org/",FAILED,"Login"
"https://amigos.org/membership/annual-conference/2026","https://mycourses.amigos.org/course/view.php?id=1925",403,"Go to Session"
"https://amigos.org/membership/annual-conference/2026","https://mycourses.amigos.org/course/view.php?id=1926",403,"Go to Session"
"https://amigos.org/membership/annual-conference/2026","https://amigos.org/node/12876%20#paragraph-440",404,"Melissa Wetzel"
"https://amigos.org/membership/annual-conference/2026","https://amigos.org/node/12876%20#paragraph-457",404,"Paula Settoon, Amigos Board of Director Chair"
"https://amigos.org/membership/annual-conference/2026","https://amigos.org/node/12876%20#paragraph-458",404,"Welcome and Call to Order"
"https://amigos.org/membership/annual-conference/2026","https://amigos.org/node/12876%20#paragraph-439",404,"Lunch Break"
"https://amigos.org/membership/annual-conference/2026","https://amigos.org/node/12876%20#paragraph-441",404,"Thriving Lendable Collections"
"https://amigos.org/membership/annual-conference/2026","https://amigos.org/node/12876%20#paragraph-437",404,"Opening Keynote: Enriching Lives for Communities to Thrive"
"https://amigos.org/membership/annual-conference/2026","https://amigos.org/node/12876%20#paragraph-438",404,"Member Business Meeting & Reports"
"https://amigos.org/membership/annual-conference/2026","https://amigos.org/node/12876%20#paragraph-455",404,"DeAnn Isenhower"
"https://amigos.org/membership/annual-conference/2026","https://amigos.org/node/12876%20#paragraph-436",404,"Edward Melton"
"https://amigos.org/membership/annual-conference/2026","https://amigos.org/node/12876%20#paragraph-445",404,"Choosing a Repository Solution for Your Institution"
"https://amigos.org/membership/annual-conference/2026","https://amigos.org/node/12876%20#paragraph-448",404,"Kickstart Community: Hosting a Back-to-School Bash with Purpose"
"https://amigos.org/membership/annual-conference/2026","https://amigos.org/node/12876%20#paragraph-461",404,"Hannah Stewart"
"https://amigos.org/membership/annual-conference/2026","https://amigos.org/node/12876%20#paragraph-464",404,"Kylene Henderson"
"https://amigos.org/membership/annual-conference/2026","https://amigos.org/node/12876%20#paragraph-442",404,"Tracy Byerly"
"https://amigos.org/membership/annual-conference/2026","https://amigos.org/node/12876%20#paragraph-443",404,"Making the Most of Your Membership"
"https://amigos.org/membership/annual-conference/2026","https://mycourses.amigos.org/course/view.php?id=1928",403,"Go to Session"
"https://amigos.org/membership/annual-conference/2026","https://mycourses.amigos.org/course/view.php?id=1927",403,"Go to Session"
"https://amigos.org/membership/annual-conference/2026","https://mycourses.amigos.org/course/view.php?id=1929",403,"Go to Session"
"https://amigos.org/membership/annual-conference/2026","https://amigos.org/node/12876%20#paragraph-444",404,"Britt Anne Murphy"
"https://amigos.org/membership/annual-conference/2026","https://amigos.org/node/12876%20#paragraph-451",404,"Pamela Wells"
"https://amigos.org/membership/annual-conference/2026","https://amigos.org/node/12876%20#paragraph-450",404,"Karen Blankenship"
"https://amigos.org/membership/annual-conference/2026","https://amigos.org/node/12876%20#paragraph-449",404,"Tina Murdock"
"https://amigos.org/membership/annual-conference/2026","https://amigos.org/node/12876%20#paragraph-453",404,"Closing Keynote: Community as Connection: Working Together We Thrive"
"https://amigos.org/membership/annual-conference/2026","https://amigos.org/node/12876%20#paragraph-452",404,"Cindy Thompson"
"https://amigos.org/membership/annual-conference/2026","https://mycourses.amigos.org/course/view.php?id=1930",403,"Go to Session"
"https://amigos.org/membership/annual-conference/2025","https://mycourses.amigos.org/course/view.php?id=1819",403,"Go to Session"
"https://amigos.org/membership/annual-conference/2025","https://mycourses.amigos.org/course/view.php?id=1820",403,"Go to Session"
"https://amigos.org/membership/annual-conference/2025","https://amigos.org/node/12502%20#paragraph-159",404,"Opening Keynote - Transforming Libraries: Embracing Change for the Future"
"https://amigos.org/membership/annual-conference/2025","https://amigos.org/node/12502%20#paragraph-161",404,"Member Business Meeting"
"https://amigos.org/membership/annual-conference/2025","https://amigos.org/node/12502%20#paragraph-163",404,"Lunch Break"
"https://amigos.org/membership/annual-conference/2025","https://amigos.org/node/12502%20#paragraph-176",404,"Lisa Louis"
"https://amigos.org/membership/annual-conference/2025","https://amigos.org/node/12502%20#paragraph-167",404,"Experiences with SpringShare"
"https://amigos.org/membership/annual-conference/2025","https://amigos.org/node/12502%20#paragraph-175",404,"Erin Owens"
"https://amigos.org/membership/annual-conference/2025","https://amigos.org/node/12502%20#paragraph-127",404,"Welcome and Call to Order"
"https://amigos.org/membership/annual-conference/2025","https://amigos.org/node/12502%20#paragraph-158",404,"Julie Mosbo Ballestro"
"https://amigos.org/membership/annual-conference/2025","https://amigos.org/node/12502%20#paragraph-170",404,"AI Instruction in the Library and Beyond: Pedagogical Approaches for Students and Faculty"
"https://amigos.org/membership/annual-conference/2025","https://amigos.org/node/12502%20#paragraph-174",404,"Christine Peterson"
"https://amigos.org/membership/annual-conference/2025","https://amigos.org/node/12502%20#paragraph-177",404,"Sarah Timm"
"https://amigos.org/membership/annual-conference/2025","https://amigos.org/node/12502%20#paragraph-191",404,"Rachel Pecotte"
"https://amigos.org/membership/annual-conference/2025","https://amigos.org/node/12502%20#paragraph-165",404,"Navigating Library Hosting in the Information Age"
"https://amigos.org/membership/annual-conference/2025","https://amigos.org/node/12502%20#paragraph-178",404,"Dawndrea Casey"
"https://amigos.org/membership/annual-conference/2025","https://mycourses.amigos.org/course/view.php?id=1821",403,"Go to Session"
"https://amigos.org/membership/annual-conference/2025","https://amigos.org/node/12502%20#paragraph-180",404,"Michelle Shea"
"https://amigos.org/membership/annual-conference/2025","https://mycourses.amigos.org/course/view.php?id=1822",403,"Go to Session"
"https://amigos.org/membership/annual-conference/2025","https://amigos.org/node/12502%20#paragraph-179",404,"Kelly Williams"
"https://amigos.org/membership/annual-conference/2025","https://amigos.org/node/12502%20#paragraph-171",404,"Break"
"https://amigos.org/membership/annual-conference/2025","https://mycourses.amigos.org/course/view.php?id=1825",403,"Go to Session"
"https://amigos.org/membership/annual-conference/2025","https://amigos.org/node/12502%20#paragraph-188",404,"Angela Whitfield"
"https://amigos.org/membership/annual-conference/2025","https://amigos.org/node/12502%20#paragraph-190",404,"Turning space into place: Building community through creative engagement"
"https://amigos.org/membership/annual-conference/2025","https://amigos.org/node/12502%20#paragraph-182",404,"Better Together. Collaboration, Facilitation, and the Power of Strategic Partnerships on Project MUSE"
"https://amigos.org/membership/annual-conference/2025","https://amigos.org/node/12502%20#paragraph-189",404,"Kimberly Richardson"
"https://amigos.org/membership/annual-conference/2025","https://mycourses.amigos.org/course/view.php?id=1823",403,"Go to Session"
"https://amigos.org/membership/annual-conference/2025","https://amigos.org/node/12502%20#paragraph-181",404,"Tricia Miller-Chareun"
"https://amigos.org/membership/annual-conference/2025","https://amigos.org/node/12502%20#paragraph-186",404,"Naomi Gonzales"
"https://amigos.org/membership/annual-conference/2025","https://amigos.org/node/12502%20#paragraph-187",404,"Teach with Amigos"
"https://amigos.org/membership/annual-conference/2025","https://amigos.org/node/12502%20#paragraph-185",404,"Christina Pryor"
"https://amigos.org/membership/annual-conference/2025","https://mycourses.amigos.org/course/view.php?id=1824",403,"Go to Session"
"https://amigos.org/membership/annual-conference/2025","https://amigos.org/node/12502%20#paragraph-169",404,"Closing Keynote: Interview with an Innovator"
"https://amigos.org/membership/annual-conference/2025","https://amigos.org/node/12502%20#paragraph-184",404,"Break"
"https://amigos.org/membership/annual-conference/2025","https://amigos.org/node/12502%20#paragraph-168",404,"Lisa Wells"
"https://amigos.org/membership/annual-conference/2025","https://mycourses.amigos.org/course/view.php?id=1826",403,"Go to Session"
"https://amigos.org/news/education-and-events","https://www.amigos.org/services/continuing-education/book-repair-basics",403,"Book Repair Basics"
"https://amigos.org/news/newsletters","https://conta.cc/3Br3pkr",403,"Issue 2 | Sep/Oct 2022"
"https://amigos.org/news/newsletters","https://conta.cc/3tsDynx",403,"Issue 3 | Nov/Dec 2022"
"https://amigos.org/news/newsletters","https://conta.cc/3P8ZrAN",403,"Issue 1 | Jul/Aug 2022"
"https://amigos.org/news/bioone-offers-free-read-community-science-research-collection","https://bioone.org/vista-community-science",FAILED,"https://bioone.org/vista-community-science"
"https://amigos.org/news/three-new-research-modules-oup","https://academic.oup.com/oxford-research-encyclopedias",403,"Oxford Research Encyclopedias"
"https://amigos.org/news/products-and-partnerships?page=1","https://bslw.com/simple-guide-to-digital-metadata/",403,"A Simple Guide to Digital Metadata"
"https://amigos.org/news/products-and-partnerships?page=1","https://bioone.org/vista-pharmacology-and-toxicology?utm_source=featured&utm_medium=website&utm_campaign=vista",FAILED,"pharmacology & toxicology"
"https://amigos.org/services/continuing-education/creating-library-marketing-plan","http://www.librarymarketingbookclub.org/",404,"www.librarymarketingbookclub.org"
"https://amigos.org/services/member-discounts/discount-direct/backstage-library-works","http://www.bslw.com/",403,"http://www.bslw.com/"
"https://amigos.org/services/member-discounts/discount-direct/demco","http://www.demco.com/software/boopsie&intcmp=DSNav_Boopsie",404,"Boopsie"
"https://amigos.org/services/member-discounts/vendors/altarama","http://www.altarama.com/",FAILED,"http://www.altarama.com/"
"https://amigos.org/services/member-discounts/vendors/altarama","http://altarama.com/Products/RefTracker",FAILED,"RefTracker"
"https://amigos.org/services/member-discounts/vendors/altarama","http://altarama.com/Products/RefChatter",FAILED,"RefChatter"
"https://amigos.org/services/member-discounts/vendors/altarama","http://altarama.com/Products/DeskStats",FAILED,"DeskStats"
"https://amigos.org/services/member-discounts/vendors/altarama","http://altarama.com/Products/SMSreference",FAILED,"SMSreference"
"https://amigos.org/services/member-discounts/vendors/ambrose-video-publishing","http://www.ambrosedigital.com/index.php?option=com_virtuemart&page=shop.browse&category_id=23&Itemid=59",FAILED,"By Subject: English"
"https://amigos.org/services/member-discounts/vendors/ambrose-video-publishing","http://www.ambrosedigital.com/index.php?option=com_virtuemart&page=shop.browse&category_id=57&Itemid=59",FAILED,"By Subject: Philosophy"
"https://amigos.org/services/member-discounts/vendors/asia-studies","http://www.asia-studies.com/",FAILED,"http://www.asia-studies.com/"
"https://amigos.org/services/member-discounts/vendors/asme","http://asmedigitalcollection.asme.org/",403,"ASME Digital Collection"
"https://amigos.org/services/member-discounts/vendors/atlas-systems","https://www.atlas-sys.com/vtl",403,"Video Training Library Subscription"
"https://amigos.org/services/member-discounts/vendors/atlas-systems","https://www.atlas-sys.com/aeon",403,"Aeon"
"https://amigos.org/services/member-discounts/vendors/atlas-systems","https://www.atlas-sys.com/ares",403,"Ares"
"https://amigos.org/services/member-discounts/vendors/atlas-systems","http://www.atlas-sys.com/",403,"http://www.atlas-sys.com/"
"https://amigos.org/services/member-discounts/vendors/bioone","https://bioone.org/browse/bioonecomplete",FAILED,"BioOne Complete"
"https://amigos.org/services/member-discounts/vendors/bioone","https://bioone.org/archive",FAILED,"secures continuing access"
"https://amigos.org/services/member-discounts/vendors/bioone","https://bioone.org/browse/ebooks/collection",FAILED,"ESA eBook Collection"
"https://amigos.org/services/member-discounts/vendors/bioone","https://bioone.org/resources-for-librarians-and-administrators",FAILED,"Library Resources"
"https://amigos.org/services/member-discounts/vendors/bioone","https://bioone.org/documents/Accessibility/BioOne_Complete_VPAT_2019.4.16.pdf",FAILED,"https://bioone.org/documents/Accessibility/BioOne_Complete_VPAT_2019.4.16.pdf"
"https://amigos.org/services/member-discounts/vendors/bioone","https://bioone.org/help",FAILED,"Help Center"
"https://amigos.org/services/member-discounts/vendors/bioone","https://bioone.org/subscribe/why-subscribe",FAILED,"BioOne Digital Library Information for Librarians"
"https://amigos.org/services/member-discounts/vendors/bioone","https://bioone.org/title-lists",FAILED,"Title Lists"
"https://amigos.org/services/member-discounts/vendors/bioone","https://bioone.org/instructor-resources",FAILED,"Instructor Resources"
"https://amigos.org/services/member-discounts/vendors/bioone","http://www.bioone.org/",FAILED,"http://www.bioone.org/"
"https://amigos.org/services/member-discounts/vendors/bloomsbury","http://www.bloomsbury.com/",403,"http://www.bloomsbury.com"
"https://amigos.org/services/member-discounts/vendors/bloomsbury","https://www.bloomsbury.com/dr/digital-resources/",403,"Click here to launch the digital catalog"
"https://amigos.org/services/member-discounts/vendors/bloomsbury","https://www.bloomsbury.com/dr/digital-resources/products/screen-studies/",403,"Bloomsbury Screen Studies (Launching Spring 2018)"
"https://amigos.org/services/member-discounts/vendors/boarddocs","https://www.boarddocs.com/Home.nsf/blog",405,"https://www.boarddocs.com/Home.nsf/blog"
"https://amigos.org/services/member-discounts/vendors/boarddocs","https://www.boarddocs.com/",FAILED,"https://www.boarddocs.com/"
"https://amigos.org/services/member-discounts/vendors/cahiers-dart","https://artifexpress.com/catalogues/tim-hawkinson/description",404,"Tim Hawkinson"
"https://amigos.org/services/member-discounts/vendors/cahiers-dart","https://artifexpress.com/catalogues/jim-dine-sculpture/description",404,"Jim Dine: Sculpture, 1983 – Present"
"https://amigos.org/services/member-discounts/vendors/cahiers-dart","https://artifexpress.com/catalogues/agnes-martin/description",404,"Agnes Martin: Paintings"
"https://amigos.org/services/member-discounts/vendors/cahiers-dart","https://artifexpress.com/catalogues/james-siena/description",404,"James Siena"
"https://amigos.org/services/member-discounts/vendors/cambridge-university-press","http://www.cambridge.org/",403,"http://www.cambridge.org/"
"https://amigos.org/services/member-discounts/vendors/clcd","https://stemexplore.clcd.com/",FAILED,"CLCD STEMExplore"
"https://amigos.org/services/member-discounts/vendors/columbia-university-press","http://www.columbia.edu/cu/cup/",403,"http://www.columbia.edu/cu/cup/"
"https://amigos.org/services/member-discounts/vendors/columbia-university-press","http://www.academiccharts.com/home",403,"Academic Charts Online"
"https://amigos.org/services/member-discounts/vendors/columbia-university-press","http://www.columbiagrangers.org/grangers/",404,"Columbia Granger's World of Poetry Online"
"https://amigos.org/services/member-discounts/vendors/data-planet","http://www.niso.org/workrooms/seru/registry/",404,"http://www.niso.org/workrooms/seru/registry/"
"https://amigos.org/services/member-discounts/vendors/demco-software","http://demcosoftware.com/products/boopsie/",403,"Boopsie mobile app"
"https://amigos.org/services/member-discounts/vendors/demco-software","http://demcosoftware.com/",403,"http://demcosoftware.com/"
"https://amigos.org/services/member-discounts/vendors/demco-software","http://demcosoftware.com/products/brainhq/",403,"BrainHQ"
"https://amigos.org/services/member-discounts/vendors/demco-software","http://demcosoftware.com/products/dibs/",403,"D!BS"
"https://amigos.org/services/member-discounts/vendors/demco-software","http://demcosoftware.com/products/signup/",403,"SignUp"
"https://amigos.org/services/member-discounts/vendors/demco-software","http://demcosoftware.com/products/wandoo-reader/",403,"Wandoo Reader"
"https://amigos.org/services/member-discounts/vendors/demco-software","http://demcosoftware.com/products/discoverlocal/?utm_source=Demco&utm_medium=Banner&utm_campaign=Discoverlocal&webSyncID=6d169707-3557-5141-a50",403,"DicsoverLocal"
"https://amigos.org/services/member-discounts/vendors/demco-software","http://demcosoftware.com/products/signup/?utm_source=Demco&utm_medium=Banner&utm_campaign=SignUp&w6ebSyncID=6d169707-3557-5141-a509-95de7b453a",403,"Signup"
"https://amigos.org/services/member-discounts/vendors/demco-software","http://demcosoftware.com/products/spaces/?utm_source=Demco&utm_medium=Banner&utm_campaign=Spaces&webSyncID=6d169707-3557-5141-a509-95de7b46",403,"Spaces"
"https://amigos.org/services/member-discounts/vendors/duke-university-press","https://www.dukeupress.edu/Assets/Downloads/dup_info_titles.xls",404,"View our Title List"
"https://amigos.org/services/member-discounts/vendors/duke-university-press","http://www.dukeupress.edu/Libraries/sitelicenses.php",404,"http://www.dukeupress.edu/Libraries/sitelicenses.php"
"https://amigos.org/services/member-discounts/vendors/duke-university-press","http://www.dukeupress.edu/Catalog/ViewProduct.php?productid=45608",404,"Duke Mathematical Journal: Volumes 1-100"
"https://amigos.org/services/member-discounts/vendors/duke-university-press","http://www.dukeupress.edu/Libraries/collectionDetail.php?collectionid=2",404,"e-Duke Books"
"https://amigos.org/services/member-discounts/vendors/duke-university-press","http://www.dukeupress.edu/Libraries/collectionDetail.php?collectionid=1",404,"e-Duke Journals"
"https://amigos.org/services/member-discounts/vendors/duke-university-press","http://www.dukeupress.edu/Libraries/collectionDetail.php?collectionid=3",404,"Euclid Prime"
"https://amigos.org/services/member-discounts/vendors/edcetera","https://pulseradiology.com/",403,"Pulse Radiology"
"https://amigos.org/services/member-discounts/vendors/harvard-university-press","http://www.loebclassics.com/page/faq/frequently-asked-questions#17",405,"MARC Records"
"https://amigos.org/services/member-discounts/vendors/harvard-university-press","http://www.loebclassics.com/page/faq/frequently-asked-questions",405,"FAQs"
"https://amigos.org/services/member-discounts/vendors/harvard-university-press","http://www.loebclassics.com/page/faq/frequently-asked-questions#18",405,"KBART-compliant"
"https://amigos.org/services/member-discounts/vendors/harvard-university-press","http://www.loebclassics.com/",405,"Digital Loeb Classical Library"
"https://amigos.org/services/member-discounts/vendors/harvard-university-press","http://www.loebclassics.com/page/faq/frequently-asked-questions#20",405,"Usage statistics"
"https://amigos.org/services/member-discounts/vendors/infobase","http://www.infobaselearning.com/",405,"http://www.infobaselearning.com/"
"https://amigos.org/services/member-discounts/vendors/infobase","https://infobase.com/products-universities-colleges?_sft_product_tag=ebook-collections",404,"Credo Essentials Collections"
"https://amigos.org/services/member-discounts/vendors/infobase","https://infobaseplatform.zendesk.com/hc/en-us/articles/37300098682779-Accessibility-Statement-for-the-Infobase-Platform",403,"Accessibility"
"https://amigos.org/services/member-discounts/vendors/infobase","https://infobase.com/products/american-history/",FAILED,"American History"
"https://amigos.org/services/member-discounts/vendors/infobase","https://infobase.com/products/writers-reference-center/",404,"Writer’s Reference Center"
"https://amigos.org/services/member-discounts/vendors/infobase","https://infobase.com/products/world-geography-culture/",429,"World Geography and Culture"
"https://amigos.org/services/member-discounts/vendors/mango-languages","http://www.mangolanguages.com/lesson/view#/11",404,"ESL Spanish"
"https://amigos.org/services/member-discounts/vendors/mango-languages","http://www.mangolanguages.com/lesson/view#/1",404,"Brazilian Portuguese"
"https://amigos.org/services/member-discounts/vendors/mango-languages","http://www.mangolanguages.com/",404,"http://www.mangolanguages.com/"
"https://amigos.org/services/member-discounts/vendors/mango-languages","http://www.mangolanguages.com/lesson/view#/12",404,"ESL Brazilian Portuguese"
"https://amigos.org/services/member-discounts/vendors/mango-languages","http://www.mangolanguages.com/lesson/view#/4",404,"French"
"https://amigos.org/services/member-discounts/vendors/mango-languages","http://www.mangolanguages.com/lesson/view#/8",404,"Russian"
"https://amigos.org/services/member-discounts/vendors/mango-languages","http://www.mangolanguages.com/lesson/view#/10",404,"ESL Polish"
"https://amigos.org/services/member-discounts/vendors/mango-languages","http://www.mangolanguages.com/lesson/view#/9",404,"Mandarin"
"https://amigos.org/services/member-discounts/vendors/mango-languages","http://www.mangolanguages.com/lesson/view#/3",404,"Japanese"
"https://amigos.org/services/member-discounts/vendors/mango-languages","http://www.mangolanguages.com/lesson/view#/7",404,"Greek"
"https://amigos.org/services/member-discounts/vendors/mango-languages","http://www.mangolanguages.com/lesson/view#/5",404,"German"
"https://amigos.org/services/member-discounts/vendors/mango-languages","http://www.mangolanguages.com/lesson/view#/6",404,"Italian"
"https://amigos.org/services/member-discounts/vendors/mango-languages","http://www.mangolanguages.com/lesson/view#/2",404,"Spanish"
"https://amigos.org/services/member-discounts/vendors/mcgraw-hill","http://www.accessscience.com/",FAILED,"AccessScience"
"https://amigos.org/services/member-discounts/vendors/mcgraw-hill","http://www.accessengineeringlibrary.com/",FAILED,"AccessEngineering"
"https://amigos.org/services/member-discounts/vendors/naxos","http://www.amigos.org/sites/default/files/naxos_order_0.pdf",404,"http://www.amigos.org/sites/default/files/naxos_order_0.pdf"
"https://amigos.org/services/member-discounts/vendors/noodletools","http://www.noodletools.com/tos.php",404,"http://www.noodletools.com/tos.php"
"https://amigos.org/services/member-discounts/vendors/noodletools","http://www.noodletools.com/tools/index.php",404,"NoodleTools"
"https://amigos.org/services/member-discounts/vendors/ovid","http://www.ovid.com/webapp/wcs/stores/servlet/content_landing_OvidSP_13051_-1_13151",404,"OVIDSP"
"https://amigos.org/services/member-discounts/vendors/ovid","http://www.ovid.com/webapp/wcs/stores/servlet/content_landing_Nursing_13051_-1_13151",404,"Nursing@OVID"
"https://amigos.org/services/member-discounts/vendors/ovid","http://www.ovid.com/webapp/wcs/stores/servlet/content_landing_OvidMD_13051_-1_13151",404,"OVIDMD"
"https://amigos.org/services/member-discounts/vendors/ovid","http://www.ovid.com/webapp/wcs/stores/servlet/content_landing_JBI_13051_-1_13151",404,"Johanna Briggs Institute Evidence-Based Practice Resources"
"https://amigos.org/services/member-discounts/vendors/oxford-university-press","https://academic.oup.com/pages/about-oxford-academic/accessibility",403,"Accessibility | Oxford Academic"
"https://amigos.org/services/member-discounts/vendors/oxford-university-press","https://academic.oup.com/amamanualofstyle",403,"AMA Manual of Style Online"
"https://amigos.org/services/member-discounts/vendors/oxford-university-press","https://www.oxfordbibliographies.com/page/accessibility",403,"Accessibility | Oxford Bibliographies"
"https://amigos.org/services/member-discounts/vendors/oxford-university-press","http://socialwork.oxfordre.com/",403,"Encyclopedia of Social Work"
"https://amigos.org/services/member-discounts/vendors/oxford-university-press","https://academic.oup.com/officialmethodsofanalysis-aoac",403,"Official Methods of Analysis of AOAC International"
"https://amigos.org/services/member-discounts/vendors/oxford-university-press","https://academic.oup.com/oxford-clinical-psychology",403,"Oxford Clinical Psychology"
"https://amigos.org/services/member-discounts/vendors/oxford-university-press","https://www.oxfordbibliographies.com/",403,"Oxford Bibliographies"
"https://amigos.org/services/member-discounts/vendors/oxford-university-press","https://academic.oup.com/search-results?sort=Title+-+A+to+Z&f_ContentType=Book&fl_SiteID=191&cqb=%5B%7B%22terms%22:%5B%7B%22filter%22:%22Title%22,%22input%22:%22The%20Oxford%20History%20of%20Western%20Music%22,%22exactMatch%22:true%7D%5D%7D%5D&qb=%7B%22Title1-exact%22:%22The%20Oxford%20History%20of%20Western%20Music%22%7D&page=1",403,"Oxford History of Western Music Online (now part of Oxford Scholarship Online -…"
"https://amigos.org/services/member-discounts/vendors/oxford-university-press","http://www.oxfordhandbooks.com/",403,"Oxford Handbooks Online"
"https://amigos.org/services/member-discounts/vendors/oxford-university-press","https://academic.oup.com/intersections",403,"Oxford Intersections"
"https://amigos.org/services/member-discounts/vendors/oxford-university-press","https://academic.oup.com/oxford-intersections/pages/environmental-change-and-human-experience",403,"Oxford Intersections Environmental Change and Human Experience (launching June …"
"https://amigos.org/services/member-discounts/vendors/oxford-university-press","https://academic.oup.com/edited-volume/61655",403,"Oxford Intersections: Borders (now available)"
"https://amigos.org/services/member-discounts/vendors/oxford-university-press","https://academic.oup.com/oxford-intersections/pages/gender-justice",403,"Oxford Intersections: Gender Justice (now available)"
"https://amigos.org/services/member-discounts/vendors/oxford-university-press","https://academic.oup.com/journals",403,"Oxford Journals"
"https://amigos.org/services/member-discounts/vendors/oxford-university-press","http://www.oxfordartonline.com/",FAILED,"Grove Art Online"
"https://amigos.org/services/member-discounts/vendors/oxford-university-press","https://academic.oup.com/oxford-law-pro",403,"Oxford Law Pro"
"https://amigos.org/services/member-discounts/vendors/oxford-university-press","http://www.oxforddnb.com/",FAILED,"Dictionary of National Biography"
"https://amigos.org/services/member-discounts/vendors/oxford-university-press","http://oxfordmedicine.com/",403,"Oxford Medicine Online"
"https://amigos.org/services/member-discounts/vendors/oxford-university-press","https://academic.oup.com/edited-volume/62567",403,"Oxford Research Encyclopedia of Disability Studies (launching April 2026)"
"https://amigos.org/services/member-discounts/vendors/oxford-university-press","http://www.oxfordmusiconline.com/",FAILED,"Grove Music Online"
"https://amigos.org/services/member-discounts/vendors/oxford-university-press","https://oxfordre.com/",403,"Oxford Research Encyclopedias"
"https://amigos.org/services/member-discounts/vendors/oxford-university-press","http://classics.oxfordre.com/",403,"Oxford Research Encyclopedia: Oxford Classical Dictionary"
"https://amigos.org/services/member-discounts/vendors/oxford-university-press","https://academic.oup.com/edited-volume/62568",403,"Oxford Research Encyclopedias of Migration Studies (launching April 2026)"
"https://amigos.org/services/member-discounts/vendors/oxford-university-press","https://academic.oup.com/oxford-scholarship-online",403,"Oxford Scholarship Online"
"https://amigos.org/services/member-discounts/vendors/oxford-university-press","https://academic.oup.com/sipri-yearbook",403,"Stockholm International Peace Research Institute Yearbook"
"https://amigos.org/services/member-discounts/vendors/oxford-university-press","https://academic.oup.com/very-short-introductions",403,"Very Short Introductions"
"https://amigos.org/services/member-discounts/vendors/oxford-university-press","http://www.anb.org/",FAILED,"American National Biography"
"https://amigos.org/services/member-discounts/vendors/oxford-university-press","https://oxfordaasc.com/",FAILED,"African American Studies Center"
"https://amigos.org/services/member-discounts/vendors/oxford-university-press","http://www.oxfordreference.com/",FAILED,"Oxford Reference Online: Premium Collection"
"https://amigos.org/services/member-discounts/vendors/oxford-university-press","http://www.oxfordscholarlyeditions.com/",FAILED,"Oxford Scholarly Editions Online"
"https://amigos.org/services/member-discounts/vendors/oxford-university-press","http://www.ukwhoswho.com/",FAILED,"Who's Who and Who Was Who"
"https://amigos.org/services/member-discounts/vendors/policymap","http://user-94545020520.cld.bz/SL-July15-2",404,"http://user-94545020520.cld.bz/SL-July15-2"
"https://amigos.org/services/member-discounts/vendors/privco","http://www.privco.com/premium-access/libraries-universities",404,"PrivCo Database"
"https://amigos.org/services/member-discounts/vendors/proquest","http://www.proquest.com/products-services/Historical-Statistical-Abstracts-of-the-US.html",404,"Historical Statistical Abstracts of the United States"
"https://amigos.org/services/member-discounts/vendors/proquest","http://proquest.com/",FAILED,"http://proquest.com/"
"https://amigos.org/services/member-discounts/vendors/proquest","http://www.proquest.com/",FAILED,"ProQuest Congressional Base"
"https://amigos.org/services/member-discounts/vendors/sage-publications","https://us.sagepub.com/en-us/nam/sage-video",FAILED,"SAGE Video"
"https://amigos.org/services/member-discounts/vendors/sage-publications","https://us.sagepub.com/sites/default/files/education_collection_title_list.pdf",FAILED,"Education Collection"
"https://amigos.org/services/member-discounts/vendors/sage-publications","https://us.sagepub.com/sites/default/files/counseling_and_psychotherapy_collection_title_list.pdf",FAILED,"Counseling and Psychotherapy Collection"
"https://amigos.org/services/member-discounts/vendors/sage-publications","https://us.sagepub.com/sites/default/files/communication_and_media_studies_collection_title_list.pdf",FAILED,"Communication and Media Studies Collection"
"https://amigos.org/services/member-discounts/vendors/sage-publications","https://us.sagepub.com/en-us/nam/sage-business-researcher",FAILED,"SAGE Business Researcher"
"https://amigos.org/services/member-discounts/vendors/sage-publications","https://us.sagepub.com/en-us/nam/sage-business-cases",FAILED,"SAGE Business Cases"
"https://amigos.org/services/member-discounts/vendors/sage-publications","https://us.sagepub.com/en-us/nam/sage-stats",FAILED,"SAGE Stats"
"https://amigos.org/services/member-discounts/vendors/sage-publications","https://us.sagepub.com/en-us/nam/state-stats",FAILED,"SAGE State Stats"
"https://amigos.org/services/member-discounts/vendors/sage-publications","https://us.sagepub.com/en-us/nam/local-stats",FAILED,"SAGE Local Stats"
"https://amigos.org/services/member-discounts/vendors/sage-publications","https://us.sagepub.com/en-us/nam/sage-business-stats",FAILED,"SAGE Business Stats"
"https://amigos.org/services/member-discounts/vendors/sage-publications","https://us.sagepub.com/en-us/nam/navigator",404,"SAGE Navigator"
"https://amigos.org/services/member-discounts/vendors/sage-publications","https://us.sagepub.com/en-us/nam/sage-books",404,"Books"
"https://amigos.org/services/member-discounts/vendors/sage-publications","https://us.sagepub.com/en-us/nam/sage-research-methods",404,"SAGE Research Methods"
"https://amigos.org/services/member-discounts/vendors/sage-publications","https://us.sagepub.com/en-us/nam/sage-research-methods-datasets",404,"SAGE Research Methods Datasets"
"https://amigos.org/services/member-discounts/vendors/sage-publications","https://us.sagepub.com/en-us/nam/reference",404,"Reference"
"https://amigos.org/services/member-discounts/vendors/sage-publications","https://us.sagepub.com/en-us/nam/sage-knowledge-1",404,"SAGE Knowledge"
"https://amigos.org/services/member-discounts/vendors/sage-publications","https://us.sagepub.com/en-us/nam/sage-research-methods-cases",404,"SAGE Research Methods Cases"
"https://amigos.org/services/member-discounts/vendors/sage-publications","https://us.sagepub.com/en-us/nam/sage-premier",404,"SAGE Premier"
"https://amigos.org/services/member-discounts/vendors/sage-publications","https://us.sagepub.com/en-us/nam/sage-backfile-packages",404,"Backfile Packages"
"https://amigos.org/services/member-discounts/vendors/sage-publications","https://us.sagepub.com/en-us/nam/cq-researcher",404,"CQ Researcher"
"https://amigos.org/services/member-discounts/vendors/sage-publications","https://us.sagepub.com/en-us/nam/cq-press-encyclopedia-of-american-government",404,"CQ Press Encyclopedia of American Government"
"https://amigos.org/services/member-discounts/vendors/sage-publications","https://us.sagepub.com/en-us/nam/cq-press-library-product-page",404,"CQ Press Library"
"https://amigos.org/services/member-discounts/vendors/sage-publications","https://us.sagepub.com/en-us/nam/cq-weekly",404,"CQ Weekly"
"https://amigos.org/services/member-discounts/vendors/sage-publications","https://us.sagepub.com/en-us/nam/cq-press-voting-and-elections-collection",404,"CQ Press Voting & Elections Collection"
"https://amigos.org/services/member-discounts/vendors/sage-publications","https://us.sagepub.com/en-us/nam/us-political-stats",404,"U.S. Political Stats"
"https://amigos.org/services/member-discounts/vendors/sage-publications","https://us.sagepub.com/en-us/nam/journals-subject-collections",FAILED,"Subject Collections"
"https://amigos.org/services/member-discounts/vendors/sage-publications","https://us.sagepub.com/en-us/nam/cq-press-public-affairs-collection",404,"CQ Press Public Affairs Collection"
"https://amigos.org/services/member-discounts/vendors/sage-publications","https://us.sagepub.com/en-us/nam/cq-press-supreme-court-collection",404,"CQ Press Supreme Court Collection"
"https://amigos.org/services/member-discounts/vendors/sage-publications","https://us.sagepub.com/en-us/nam/cq-press-congress-collection",404,"CQ Press Congress Collection"
"https://amigos.org/services/member-discounts/vendors/springshare","ttps://www.springshare.com/accessibility",FAILED,"Accessibility | Springshare"
"https://amigos.org/services/member-discounts/vendors/top-graphics","http://topgraphics.com/aboutus.html",404,"MU-0006 Patron Card: 30ML all plastic"
"https://amigos.org/news/why-hyku-why-repository-solution","https://amigos.org/civicrm/event/info?reset=1&id=2058",404,"September 23, 2024; 1:30 – 2:30 Central Time"
"https://amigos.org/news/why-hyku-why-repository-solution","https://amigos.org/civicrm/event/info?reset=1&id=2073",404,"November 11, 2024; 1:30 – 2:30 Central Time"
"https://amigos.org/news/why-hyku-why-repository-solution","https://amigos.org/hyku",404,"repository solution that uses Hyku"
"https://amigos.org/node/8663","https://mycourses.amigos.org/course/view.php?id=1726",403,"Go to Session Portal"
"https://amigos.org/node/8663","https://mycourses.amigos.org/course/view.php?id=1720",403,"Go to Session Portal"
"https://amigos.org/node/8663","https://mycourses.amigos.org/course/view.php?id=1727",403,"Go to Session Portal"
"https://amigos.org/node/8663","https://mycourses.amigos.org/course/view.php?id=1717",403,"Go to Session Portal"
"https://amigos.org/node/8663","https://mycourses.amigos.org/course/view.php?id=1722",403,"Go to Session Portal"
"https://amigos.org/node/8663","https://mycourses.amigos.org/course/view.php?id=1719",403,"Go to Session Portal"
"https://amigos.org/node/8663","https://mycourses.amigos.org/course/view.php?id=1725",403,"Go to Session Portal"
"https://amigos.org/node/8663","https://mycourses.amigos.org/course/view.php?id=1723",403,"Go to Session Portal"
"https://amigos.org/node/8663","https://mycourses.amigos.org/course/view.php?id=1724",403,"Go to Session Portal"
"https://amigos.org/node/8196","https://mycourses.amigos.org/course/view.php?id=1633",403,"Go to Session Portal"
"https://amigos.org/node/8196","https://mycourses.amigos.org/course/view.php?id=1628",403,"Go to Session Portal"
"https://amigos.org/node/8196","https://mycourses.amigos.org/course/view.php?id=1636",403,"Go to Session Portal"
"https://amigos.org/node/8196","https://mycourses.amigos.org/course/view.php?id=1637",403,"Go to Session Portal"
"https://amigos.org/node/8196","https://mycourses.amigos.org/course/view.php?id=1629",403,"Go to Session Portal"
"https://amigos.org/node/8196","https://mycourses.amigos.org/course/view.php?id=1631",403,"Go to Session Portal"
"https://amigos.org/node/8196","https://mycourses.amigos.org/course/view.php?id=1634",403,"Go to Session Portal"
"https://amigos.org/node/8196","https://mycourses.amigos.org/course/view.php?id=1632",403,"Go to Session Portal"
"https://amigos.org/node/8196","https://mycourses.amigos.org/course/view.php?id=1630",403,"Go to Session Portal"
"https://amigos.org/node/8196","https://mycourses.amigos.org/course/view.php?id=1635",403,"Go to Session Portal"
"https://amigos.org/node/8195","https://onlinelibrary.wiley.com/doi/10.1002/leap.1086",403,"Learned Publishing"
"https://amigos.org/news/cfp-open-ways-we-thrive-amigos-member-conference-2026","https://forms.cloud.microsoft/r/GpvQh9ymsn",405,"submit proposals"
"https://amigos.org/news/membership-and-people?page=1","https://www.molib.org/Annual-Conference",404,"Missouri Library Association (MLA) Annual Conference"
"https://amigos.org/news/person-courses-april-2026-austin-public-library","https://www.amigos.org/services/continuing-education/customer-service-basics-person-austin-texas",403,"Customer Service Basics (In-Person, Austin, Texas) | Amigos Library Services"
"https://amigos.org/news/archive?page=3","https://ideas.demco.com/blog/school-library-annual-planning/",403,"Annual Planning for School Librarians"
"https://amigos.org/news/archive?page=5","https://forms.office.com/r/irnpU1XdrS",405,"online form"
"https://amigos.org/news/archive?page=6","https://www.amigos.org/services/continuing-education/recognizing-and-cultivating-house-talent-amigos-community",403,"Recognizing and Cultivating In-House Talent"
"https://amigos.org/news/archive?page=26","https://amigos.org/node/7658",404,"scholarships"
"https://amigos.org/news/oxford-academic-platform-updates","https://academic.oup.com/pages/about-oxford-academic/upcoming-changes-for-customers?utm_term=Customer%20Services&utm_content=brick1%2Bcta&utm_campaign=oupac-campaign%3A&utm_medium=email&utm_source=adestra&nbd_source=adestra&nbd=3905400",403,"OUP’s information page"
"https://amigos.org/news/spring-trainings-springshare","https://calendar.springshare.com/event/14267443",FAILED,"Getting Started with Incident and Issue Tracking"
"https://amigos.org/news/have-you-shared-your-input-yet","https://forms.microsoft.com/r/rL2HjPg6Bj",405,"This month’s one question survey focuses on this idea of connection"
"https://amigos.org/news/have-you-shared-your-input-yet","https://forms.microsoft.com/r/nN4paygvn8",405,"October’s question about library technology needs"
"https://amigos.org/news/speakers-announced-march-17-session-apis-libraries","https://www.amigos.org/services/continuing-education/hive-unlocking-power-apis-libraries",403,"The Hive: Unlocking the Power of APIs in Libraries"
"https://amigos.org/news/creative-ways-use-bookmarks-your-library","https://ideas.demco.com/blog/more-than-a-page-marker/",403,"More Than a Page Marker"
"https://amigos.org/news/share-research-coevolution-your-campus","https://bioone.org/",FAILED,"https://bioone.org"
"https://amigos.org/news/share-research-coevolution-your-campus","https://bioone.org/vista-coevolution?utm_source=mailchimp&utm_medium=email&utm_campaign=vista",FAILED,"for free through March 15, 2026"
"https://amigos.org/news/schlager-announces-2026-title-additions-and-growth","https://librarytechnology.org/pr/32118",404,"recent press release"
"https://amigos.org/news/february-conference-call-proposals-now-open","https://forms.office.com/r/tMNeYGpvU0",405,"submit your proposal"
"https://amigos.org/news/make-every-label-count-demco","https://ideas.demco.com/blog/leveraging-labels/",403,"Leveraging Labels"
"https://amigos.org/news/archive?page=9","https://c846d1698e3d4355b29a446a8a84ba08.marketingusercontent.com/m/view/bkyRMVDPvozIavxdVvbTOZOExxda5gdrvZKk7NSIv6wx?msdynttrid=VwOeSvc5gg_MD_PfP0vpQLZzHG-9jwYLgfQMJIbayG4",FAILED,"June 12 issue of Continued"
"https://amigos.org/news/archive?page=10","https://c846d1698e3d4355b29a446a8a84ba08.marketingusercontent.com/m/view/AX42hzqy9aypzQPxPBenb8MBU6l6uMs7ysvfqCxkWGsx?msdynttrid=8Jk5dU3BpYtzEeqBKpYOuMfzeLY55y3h0Cofaa6oZ48#",FAILED,"March issue of Continued"
"https://amigos.org/news/archive?page=11","https://t.e2ma.net/message/lq1f4l/9waqf0b",404,"streamline IP address management"
"https://amigos.org/news/making-every-makerspace-moment-count","https://ideas.demco.com/blog/make-it-count/",403,"read the blog post here"
"https://amigos.org/news/september-conference-call-proposals-now-open","https://forms.office.com/r/GpQUUDFwJV",405,"submit your proposal"
"https://amigos.org/news/explore-global-impact-social-media","https://academic.oup.com/oxford-intersections",403,"https://academic.oup.com/oxford-intersections"
"https://amigos.org/news/archive?page=12","https://www.bloomsbury.com/us/discover/bloomsbury-digital-resources/bdr-global-catalog/",403,"top-tier arts and humanities resources"
"https://amigos.org/news/get-action-plan-together-community-needs-assessment-101","https://amigos.org/civicrm/event/register?id=1859&reset=1",404,"Register Now"
"https://amigos.org/news/do-you-speak-google-learn-how-scripting-google-apps","https://amigos.org/civicrm/event/register?id=1861&reset=1",404,"Register Now!"
"https://amigos.org/news/save-computers-libraries-2023-amigos-discount-code","https://amigos.org/node/2037",403,"click here"
"https://amigos.org/news/archive?page=25","https://amigos.org/civicrm/event/register?id=1878&reset=1",404,"Register now"
"https://amigos.org/news/archive?page=18","https://bioone.org/csiro-ebooks",FAILED,"Enhance your library's BioOne Complete annual subscription with a one-time purchase of the"
"https://amigos.org/news/archive?page=18","https://bioone.org/esa-ebooks",FAILED,"ESA eBooks Collection"
"https://amigos.org/news/archive?page=18","https://amigos.org/civicrm/event/register?id=2018&reset=1",404,"by registering for the recording"
"https://amigos.org/news/archive?page=19","https://us02web.zoom.us/webinar/register/WN_Zc6P-C2TQVudNkSvILVDOA#/registration",404,"Register today"
"https://amigos.org/news/archive?page=19","https://amigos.org/civicrm/event/register?id=2017&reset=1",404,"Register today"
"https://amigos.org/news/archive?page=20","https://us02web.zoom.us/webinar/register/WN_sePTjc09QbWHUDhgmZ28-A#/registration",404,"Registrations is now open"
"https://amigos.org/news/archive?page=20","https://amigos.org/civicrm/event/register?id=1969&reset=1",404,"registering for the recording"
"https://amigos.org/news/archive?page=20","https://amigos.org/civicrm/event/register?id=1993&reset=1",404,"Register for the first session today"
"https://amigos.org/news/archive?page=22","https://amigos.org/civicrm/event/info?reset=1&id=1916",404,"registering for the recordings"
"https://amigos.org/news/archive?page=23","https://prioritizingprivacy.org/",FAILED,"Prioritizing Privacy"
"https://amigos.org/news/archive?page=24","https://amigos.org/node/8082",404,"Submit a presentation proposal"
"https://amigos.org/news/circulation-desk-still-matters","https://ideas.demco.com/blog/the-circulation-desk-still-matters/",403,"Demco’s full article"
"https://amigos.org/news/explore-global-perspectives-theater-bloomsburys-may-28-webinar","https://us06web.zoom.us/webinar/register/6517468031831/WN__Usa4EeGTzSHgqjybFnDvg#/registration",404,"https://us06web.zoom.us/webinar/register/6517468031831/WN__Usa4EeGTzSHgqjybFnDvg#/registration"
"https://amigos.org/news/archive?page=13","https://amigos.org/node/8774",404,"Pressbooks"
"https://amigos.org/news/archive?page=13","https://amigos.org/node/7851",404,"transitioning to ConsortiaManager"
"https://amigos.org/news/ignite-passion-nonfiction-readers-10-tips-demco","https://ideas.demco.com/array-5/10-ways-to-ignite-nonfiction/",403,"here"
"https://amigos.org/collections-reflect-communities","https://mycourses.amigos.org/course/view.php?id=1808",403,"Session Link"
"https://amigos.org/collections-reflect-communities","https://mycourses.amigos.org/course/view.php?id=1811",403,"Session Link"
"https://amigos.org/collections-reflect-communities","https://mycourses.amigos.org/course/view.php?id=1809",403,"Session Link"
"https://amigos.org/collections-reflect-communities","https://mycourses.amigos.org/course/view.php?id=1810",403,"Session Link"
"https://amigos.org/collections-reflect-communities","https://amigos.org/node/12485%20#paragraph-86",404,"Mary Schreiber"
"https://amigos.org/collections-reflect-communities","https://amigos.org/node/12485%20#paragraph-116",404,"Wendy K. Bartlett"
"https://amigos.org/collections-reflect-communities","https://amigos.org/node/12485%20#paragraph-89",404,"Fostering a Relevant Collection for Your Community in Austere Times: 3 Strategies"
"https://amigos.org/collections-reflect-communities","https://amigos.org/node/12485%20#paragraph-94",404,"Documenting Indigenous Architecture: A Digital Bibliography for Oklahoma"
"https://amigos.org/collections-reflect-communities","https://amigos.org/node/12485%20#paragraph-92",404,"Responsive Collection Strategies: HCPL’s Community-Centered Approach to Library Services"
"https://amigos.org/collections-reflect-communities","https://amigos.org/node/12485%20#paragraph-93",404,"Sara Mautino"
"https://amigos.org/collections-reflect-communities","https://amigos.org/node/12485%20#paragraph-87",404,"Opening Keynote: Curating Diverse Community Collections: A Road Map"
"https://amigos.org/collections-reflect-communities","https://amigos.org/node/12485%20#paragraph-88",404,"Melissa Freiley"
"https://amigos.org/collections-reflect-communities","https://amigos.org/node/12485%20#paragraph-90",404,"CJ Williams"
"https://amigos.org/collections-reflect-communities","https://amigos.org/node/12485%20#paragraph-91",404,"Nikita Mohammed"
"https://amigos.org/collections-reflect-communities","https://amigos.org/node/12485%20#paragraph-96",404,"Lunch Break"
"https://amigos.org/collections-reflect-communities","https://amigos.org/node/12485%20#paragraph-102",404,"No Stone Unturned: Taking a Deeper Look at Your Library"
"https://amigos.org/collections-reflect-communities","https://amigos.org/node/12485%20#paragraph-97",404,"Gabriel Lopez (Moderator)"
"https://amigos.org/collections-reflect-communities","https://amigos.org/node/12485%20#paragraph-101",404,"Heather D. Hutto"
"https://amigos.org/collections-reflect-communities","https://amigos.org/node/12485%20#paragraph-99",404,"Behind the Stacks"
"https://amigos.org/collections-reflect-communities","https://amigos.org/node/12485%20#paragraph-100",404,"Katherine Witzig"
"https://amigos.org/collections-reflect-communities","https://mycourses.amigos.org/course/view.php?id=1812",403,"Session Link"
"https://amigos.org/collections-reflect-communities","https://amigos.org/node/12485%20#paragraph-118",404,"Christina Taylor"
"https://amigos.org/collections-reflect-communities","https://amigos.org/node/12485%20#paragraph-98",404,"Elizabeth Bradshaw"
"https://amigos.org/collections-reflect-communities","https://amigos.org/node/12485%20#paragraph-119",404,"Majestie Varnado"
"https://amigos.org/collections-reflect-communities","https://amigos.org/node/12485%20#paragraph-104",404,"Closing Keynote: Reflecting Our Communities: The African American Subject Funnel Project"
"https://amigos.org/collections-reflect-communities","https://amigos.org/node/12485%20#paragraph-103",404,"Michelle Cronquist"
"https://amigos.org/collections-reflect-communities","https://mycourses.amigos.org/course/view.php?id=1814",403,"Session Link"
"https://amigos.org/collections-reflect-communities","https://mycourses.amigos.org/course/view.php?id=1813",403,"Session Link"
"https://amigos.org/news/cambridge-university-press-announces-new-amigos-discount-cambridge-histories-online","https://cambridge-org.zoom.us/webinar/register/WN_yLTL2F7TQfW1sumXkRQwrQ?_x_zm_rtaid=W5dXSrIwQym7ib8QV_kudQ.1744297225812.f64c11d9eeb60da444d62235edf679dc&_x_zm_rhtaid=517#/registration",404,"webinar on Thursday, May 29"
"https://amigos.org/news/archive?page=14","https://amigos.org/node/8988",404,"Developing Community Support through Creative Partnerships"
"https://amigos.org/news/archive?page=14","https://amigos.org/civicrm/event/info?reset=1&id=2100",404,"Registration"
"https://amigos.org/news/archive?page=14","https://amigos.org/civicrm/event/info?reset=1&id=2070",404,"Register today"
"https://amigos.org/news/archive?page=14","https://amigos.org/node/8932",404,"choices of sessions"
"https://amigos.org/news/submit-your-proposal-april-14-amigos-member-conference-2025","https://forms.office.com/r/5NvdtWNLk6",405,"Submit your proposal"
"https://amigos.org/news/learn-about-bioones-subscribe-open-pilot-ebooks-and-more-free-webinar-amigos-members","https://bioone-org.zoom.us/webinar/register/WN_qnN4sC2XRe2Ol_3_xhbJVg#/registration",404,"Register today to join the April 9 webinar"
"https://amigos.org/news/project-muse-simplifies-process-subscribers-new-collaboration","https://t.e2ma.net/click/lq1f4l/9waqf0b/901l9tb",404,"theIPregistry.org"
"https://amigos.org/news/save-date-may-14th-amigos-member-conference-2025","https://forms.office.com/r/LFvyb287LM",405,"Amigos Member Conference 2025 Sponsorship Opportunities form"
"https://amigos.org/news/archive?page=15","https://c846d1698e3d4355b29a446a8a84ba08.svc.dynamics.com/t/t/Mi6fmkrQ15yMJQOXaold79173fnHiWSTJUkR5y4HLsox/pLlueNEitXfxULwGkQoO6UKNUXs1x7xWDuGWbZj0aP8x",FAILED,"recently announced"
"https://amigos.org/news/person-book-repair-basics-training-available-dallas-april-24","https://www.amigos.org/services/continuing-education/book-repair-basics-afternoon-course",403,"afternoon"
"https://amigos.org/news/person-book-repair-basics-training-available-dallas-april-24","https://www.amigos.org/services/continuing-education/book-repair-basics-morning-course",403,"morning"
"https://amigos.org/news/announcing-amigos-april-conference-collections-reflect-communities","https://forms.office.com/r/vNv94Tmbx0",405,"Submit your proposal by February 19, 2025"
"https://amigos.org/news/archive?page=16","https://amigos.org/civicrm/event/info?reset=1&id=2036",404,"registering for the recording"
"https://amigos.org/news/missed-equity-diversity-and-inclusion-cataloging-and-technical-services-register-now","https://amigos.org/civicrm/event/info?reset=1&id=1849",404,"registering for the recordings"
"https://amigos.org/news/library-support-and-services-first-generation-college-students","https://amigos.org/civicrm/event/register?id=1862&reset=1",404,"Register Now"
"https://amigos.org/news/introduction-scholarly-metrics","https://amigos.org/civicrm/event/register?id=1876&reset=1",404,"Register Now"
"https://amigos.org/news/know-go-diversity-and-inclusion-activities-library-meetings","https://amigos.org/civicrm/event/register?id=1855&reset=1",404,"Register Now"
"https://amigos.org/news/incorporating-sustainability-teaching-programs-and-practice-self-paced","https://amigos.org/civicrm/event/register?id=1860&reset=1",404,"Register Now"
"https://amigos.org/news/getting-started-grant-writing","https://amigos.org/civicrm/event/register?id=1863&reset=1",404,"Register Now"
"https://amigos.org/news/article-galaxy-scholar-offers-new-access-model","https://www.researchsolutions.com/ags-freemium",404,"https://www.researchsolutions.com/ags-freemium"
"https://amigos.org/news/join-march-21-webinar-learn-how-project-muse-advancing-access-latin-american-e-books-global","https://jh.zoom.us/webinar/register/WN_5DhN6ghzQHuffF2iog3DHA#/registration",404,"Register today"
"https://amigos.org/news/share-your-experience-leading-partnering-and-connecting","https://forms.office.com/r/LPWSayRcFz",405,"submit your proposal"
"https://amigos.org/news/wisconsin-elementary-school-doubles-circulation-demcos-creative-shelving-solutions","https://ideas.demco.com/blog/double-circulation-in-six-weeks/?utm_source=amigos&utm_medium=Referral&utm_campaign=contractmarketing",403,"Demco's blog post"
"https://amigos.org/news/archive?page=17","https://ideas.demco.com/blog/independent-reading-reshaping-libraries/",403,"Recent changes"
"https://amigos.org/news/archive?page=17","https://dukeupress.edu/Information-For/Librarians/Account-Administration/Pricing/Institutional-Outright-Purchase-Offerings",404,"a suite of electronic book and journal products for outright purchase"
"https://amigos.org/news/save-computers-libraries-2024-amigos-discount-code","https://www.amigos.org/node/2037",403,"https://www.amigos.org/node/2037"
"https://amigos.org/news/registration-open-creative-solutions-cataloging-acquisitions-and-resources-management","https://amigos.org/civicrm/event/info?reset=1&id=2017",404,"Register today"
"https://amigos.org/news/nick-tanzi-keynote-november-30th-conference-reimagining-libraries-exploring-ai-vr-revolution","https://amigos.org/civicrm/event/info?reset=1&id=1968",404,"Register"
"https://amigos.org/news/doaj-20","https://shorturl.at/CDIO2",403,"https://shorturl.at/CDIO2"
"https://amigos.org/news/earn-your-erm-micro-credential-amigos","https://amigos.org/node/6331",403,"Amigos micro-credential program"
"https://amigos.org/news/sign-november-17-receive-one-free-month-new-york-times","https://edesiderata.crl.edu/resources/new-york-times",FAILED,"eDesiderata"
"https://amigos.org/news/doaj-20-global-webinar-28th-september-2023-registrations-open","https://us02web.zoom.us/webinar/register/WN_fu42oi59S7GZ366rjyAUGg#/registration",404,"Find out more about the speakers and register for the event here"
"https://amigos.org/news/amigos-community-conversations-libraries-and-letter-law","https://amigos.org/civicrm/event/register?id=1988&reset=1",404,"Join us October 10th for an interactive town hall discussion"
"https://amigos.org/news/infobase-credo-reference-refresh-coming-august-21","https://bit.ly/credo2023",403,"https://bit.ly/credo2023"
"https://amigos.org/news/infobase-credo-reference-refresh-coming-august-21","https://admin.infobase.com/",500,"https://admin.infobase.com/"
"https://amigos.org/news/november-conference-call-proposals-open","https://www.amigos.org/civicrm/event/info?reset=1&id=1968",404,"https://www.amigos.org/civicrm/event/info?reset=1&id=1968"
"https://amigos.org/news/november-conference-call-proposals-open","https://forms.office.com/r/u9ea0ViSPT",405,"https://forms.office.com/r/u9ea0ViSPT"
"https://amigos.org/news/amigos-member-conference-2023-keynote-speaker-announced-nisos-new-board-president","https://amigos.org/node/8177",403,"register for the recordings."
"https://amigos.org/news/cfp-and-registration-open-libraries-address-inequities-0","https://www.amigos.org/civicrm/event/info?reset=1&id=1959",404,"https://www.amigos.org/civicrm/event/info?reset=1&id=1959"
"https://amigos.org/news/cfp-and-registration-open-libraries-address-inequities-0","https://forms.microsoft.com/r/8UtZCAxvww",405,"https://forms.microsoft.com/r/8UtZCAxvww"
"https://amigos.org/news/registration-open-amigos-community-conversations-impact-chatgpt-library-services","https://amigos.org/civicrm/event/info%3Fid%3D1928%26amp%3Breset%3D1",404,"Register today"
"https://amigos.org/news/registration-open-amigos-community-conversations-impact-chatgpt-library-services","https://amigos.org/node/8224",403,"June 6th"
"https://amigos.org/news/amigos-member-conference-2023-registration-closing-may-5-secure-your-seat-and-complementary","https://www.amigos.org/node/8177",403,"Registration closes May 5th, 5 p.m. CDT"
"https://amigos.org/news/help-students-across-disciplines-make-impact-good-data-policymap","https://outlook.office.com/bookwithme/?anonymous",405,"scheduling a meeting"
"https://amigos.org/news/bioone-expands-their-collection-new-and-updated-titles-2023","https://bioone.org/article-collection-archive",FAILED,"BioOne's featured content collections"
"https://amigos.org/news/reduce-spending-and-increase-learning-niche-academy","https://www.nicheacademy.com/share/hubspotvideo/104496002353",FAILED,"View the video"
"https://amigos.org/news/figure-out-what-goes-where-dewey-decimal-classification-basics","https://amigos.org/civicrm/event/info?reset=1&id=1889",404,"Register Now"
"https://amigos.org/news/create-better-online-tutorials-brand-new-course","https://amigos.org/civicrm/event/info?reset=1&id=1890",404,"Register Now"
"https://amigos.org/news/lean-use-debriefs-and-retrospectives-their-fullest-power","https://amigos.org/civicrm/event/info?reset=1&id=1898",404,"Register Now"
"https://amigos.org/news/toward-trans-inclusive-librarianship","https://amigos.org/civicrm/event/register?id=1886&reset=1",404,"Register Now"
"https://amigos.org/news/introduction-health-literacy-libraries","https://amigos.org/civicrm/event/info?reset=1&id=1887",404,"Register Now"
"https://amigos.org/news/know-go-conducting-effective-meetings","https://amigos.org/civicrm/event/info?reset=1&id=1872",404,"Register Now"
"https://amigos.org/news/introduction-archival-practice","https://amigos.org/civicrm/event/info?reset=1&id=1865",404,"Register Now"
"https://amigos.org/news/authority-control-creating-and-maintaining-consistency","https://amigos.org/civicrm/event/info?reset=1&id=1880",404,"Register Now"
"https://amigos.org/news/electronic-resource-management-micro-credentialing-capstone-project-registration-now-open","https://www.amigos.org/services/continuing-education/micro-credential-program",403,"certificate program"
"https://amigos.org/news/lessa-pelayo-lozada-keynote-people-powered-library-online-conference","https://c846d1698e3d4355b29a446a8a84ba08.svc.dynamics.com/t/t/xsMKqsGND3sXqj9NxXS0qirL2GWjjHsbM8Srf5fTxqEx/hUBaMkKKrEQowD3rnmugdwVOixMaUxjG9yXdMHSbOTAx",FAILED,"Register today"
"https://amigos.org/news/discover-top-library-picks-demcos-customer-council","https://ideas.demco.com/blog/favorite-finds-from-demco/",403,"Explore the full list here"
"https://amigos.org/news/learn-jumpstart-your-oer-publishing-program-pressbooks","https://resources.pressbooks.com/jump-start-your-oer?utm_campaign=Webinar%3A%20December%204&utm_medium=email&_hsenc=p2ANqtz-_cAZZO6yKHBi4rVuP-H92aITkrQvI-wfgaAC7ReU_T9yrnuw_UAfP69IdfzOiG87IroKqcNT-E6wHALoEPdegOUDE6PA&_hsmi=332470511&utm_content=332470511&utm_source=hs_email",404,"Register now"
"https://amigos.org/news/demco-answers-queston-what-can-libraries-learn-each-other","https://ideas.demco.com/blog/what-can-libraries-learn-from-each-other/",403,"Demco article"
"https://amigos.org/news/just-essentials-new-free-learning-series-amigos-member-libraries","https://c846d1698e3d4355b29a446a8a84ba08.svc.dynamics.com/t/t/v7m6uWpxH2CTxc9xYkeHJfk8PXAP3qYWS4iy3PAuAXYx/jdAPaQBMgbukjcAvL38zQpoSzMTsh5bQqIazljkFUiMx",FAILED,"The Essentials: Customer Service"
"https://amigos.org/news/inspire-adventure-library-all-ages-demco","https://ideas.demco.com/blog/adventure-for-all-ages/",403,"Demco article"
"https://amigos.org/news/learn-about-subscribe-open-free-september-18-webinar-project-muse","https://jh.zoom.us/webinar/register/WN_iDKDB23OSnuVOh_mDs3IkA#/registration",404,"Register today"
"https://amigos.org/news/time-get-creative-learn-creative-survey-design-essentials-dr-bright-new-september-course","https://amigos.org/civicrm/event/info?reset=1&id=2068",404,"Register Now"
"https://amigos.org/news/save-big-library-supplies-and-resources-amigos-discount-direct","https://www.amigos.org/member-discount-service-vendors",404,"Member Discount Services"
"https://amigos.org/news/project-muse-announces-new-subscribe-open-program-and-more-updates-coming-2025","https://about.muse.jhu.edu/librarians/journal-title-upgrades",FAILED,"See Collection Updates page for full details"
"https://amigos.org/news/learn-core-grant-writing-essentials-august-22-course","https://www.amigos.org/civicrm/event/info%3Fid%3D2067%26amp%3Breset%3D1",404,"Register today"
"https://amigos.org/news/its-time-get-hands-creating-library-marketing-plan-september-workshop","https://www.amigos.org/civicrm/event/info%3Fid%3D2072%26amp%3Breset%3D1",404,"Register today"
"https://amigos.org/news/upcoming-niso-webinars","https://niso-org.zoom.us/webinar/register/WN_HOsDg9jISJa3Amt1m10iVQ#/registration",404,"registration"
"https://amigos.org/news/submit-your-examining-library-user-experience-proposal-august-21st","https://forms.office.com/r/J5KM1aGLhT",405,"Submit your proposal"
"https://amigos.org/news/depth-cataloging-classification-basics-course-begins-june-4-enroll-today","https://amigos.org/civicrm/event/info?reset=1&id=2051",404,"This course"
"https://amigos.org/news/registration-closing-may-10-amigos-member-conference-2024","https://amigos.org/civicrm/event/info?reset=1&id=2034",404,"Register by May 10th"
"https://amigos.org/node/8576","https://mycourses.amigos.org/course/view.php?id=1700",403,"Go to Session Portal"
"https://amigos.org/node/8576","https://mycourses.amigos.org/course/view.php?id=1698",403,"Go to Session Portal"
"https://amigos.org/node/8576","https://mycourses.amigos.org/course/view.php?id=1702",403,"Go to Session Portal"
"https://amigos.org/node/8576","https://mycourses.amigos.org/course/view.php?id=1699",403,"Go to Session Portal"
"https://amigos.org/node/8576","https://mycourses.amigos.org/course/view.php?id=1705",403,"Go to Session Portal"
"https://amigos.org/node/8576","https://mycourses.amigos.org/course/view.php?id=1704",403,"Go to Session Portal"
"https://amigos.org/node/8576","https://mycourses.amigos.org/course/view.php?id=1701",403,"Go to Session Portal"
"https://amigos.org/node/8576","https://mycourses.amigos.org/course/view.php?id=1697",403,"Go to Session Portal"
"https://amigos.org/news/dont-miss-chance-learn-tools-and-techniques-introduction-library-acquisitions-may-2nd","https://amigos.org/civicrm/event/info?reset=1&id=2023",404,"Introduction to Library Acquisitions"
"https://amigos.org/news/empower-readers-through-signage-and-wayfinding-demco","https://ideas.demco.com/blog/navigating-the-library/",403,"View this blog post to learn"
"https://amigos.org/news/illuminate-your-collection-creative-shelving-tips-and-must-haves-demco","https://ideas.demco.com/blog/creative-shelving-must-haves/?utm_source=Amigos&utm_medium=referral&utm_campaign=contractmarketing",403,"Learn more about curating a prioritized list of the products to help illuminate your collection"
"https://amigos.org/news/illuminate-your-collection-creative-shelving-tips-and-must-haves-demco","https://ideas.demco.com/blog/5-steps-to-genrefication/",403,"genrefication"
"https://amigos.org/node/8461","https://mycourses.amigos.org/course/view.php?id=1683",403,"Go to Session Portal"
"https://amigos.org/node/8461","https://mycourses.amigos.org/course/view.php?id=1685",403,"Go to Session Portal"
"https://amigos.org/node/8461","https://mycourses.amigos.org/course/view.php?id=1681",403,"Go to Session Portal"
"https://amigos.org/node/8461","https://mycourses.amigos.org/course/view.php?id=1684",403,"Go to Session Portal"
"https://amigos.org/node/8461","https://mycourses.amigos.org/course/view.php?id=1682",403,"Go to Session Portal"
"https://amigos.org/node/8461","https://mycourses.amigos.org/course/view.php?id=1687",403,"Go to Session Portal"
"https://amigos.org/node/8461","https://mycourses.amigos.org/course/view.php?id=1686",403,"Go to Session Portal"
"https://amigos.org/node/8461","https://amigos.org/civicrm/event/register?id=1968&reset=1",404,"Registration"