Page,URL,Title,Report Link,Total,Critical,Serious,Moderate,Minor
1,https://clearviewlibrary.org/,Homepage | Clearview Library,./reports/1.html,0,0,0,0,0
10,https://clearviewlibrary.org/borrow-research/adventure-pass,Adventure Pass | Clearview Library,./reports/10.html,0,0,0,0,0
100,https://clearviewlibrary.org/borrow-research/research/business-legal-0?field_resource_category_target_id=77,Business & Legal | Clearview Library,./reports/100.html,0,0,0,0,0
101,https://clearviewlibrary.org/borrow-research/research/business-legal-0?field_resource_category_target_id=20,Business & Legal | Clearview Library,./reports/101.html,0,0,0,0,0
102,https://clearviewlibrary.org/borrow-research/research/business-legal-0?field_resource_category_target_id=18,Business & Legal | Clearview Library,./reports/102.html,0,0,0,0,0
103,https://clearviewlibrary.org/borrow-research/research/business-legal-0?field_resource_category_target_id=19,Business & Legal | Clearview Library,./reports/103.html,0,0,0,0,0
104,https://clearviewlibrary.org/borrow-research/research/business-legal-0?field_resource_category_target_id=16,Business & Legal | Clearview Library,./reports/104.html,0,0,0,0,0
105,https://clearviewlibrary.org/borrow-research/research/business-legal-0?field_resource_category_target_id=23,Business & Legal | Clearview Library,./reports/105.html,0,0,0,0,0
106,https://clearviewlibrary.org/borrow-research/research/business-legal-0?field_resource_category_target_id=25,Business & Legal | Clearview Library,./reports/106.html,0,0,0,0,0
107,https://clearviewlibrary.org/borrow-research/research/business-legal-0?field_resource_category_target_id=24,Business & Legal | Clearview Library,./reports/107.html,0,0,0,0,0
108,https://clearviewlibrary.org/borrow-research/research/business-legal-0?field_resource_category_target_id=21,Business & Legal | Clearview Library,./reports/108.html,0,0,0,0,0
109,https://clearviewlibrary.org/borrow-research/research/business-legal-0?field_resource_category_target_id=26,Business & Legal | Clearview Library,./reports/109.html,0,0,0,0,0
11,https://clearviewlibrary.org/borrow-research/books-movies-more/interlibrary-loan,Interlibrary Loan | Clearview Library,./reports/11.html,0,0,0,0,0
110,https://clearviewlibrary.org/borrow-research/research/business-legal-0?field_resource_category_target_id=62,Business & Legal | Clearview Library,./reports/110.html,0,0,0,0,0
111,https://clearviewlibrary.org/borrow-research/research/history-genealogy?field_resource_category_target_id=77,History & Genealogy | Clearview Library,./reports/111.html,0,0,0,0,0
112,https://clearviewlibrary.org/borrow-research/research/history-genealogy?field_resource_category_target_id=20,History & Genealogy | Clearview Library,./reports/112.html,0,0,0,0,0
113,https://clearviewlibrary.org/borrow-research/research/history-genealogy?field_resource_category_target_id=18,History & Genealogy | Clearview Library,./reports/113.html,0,0,0,0,0
114,https://clearviewlibrary.org/borrow-research/research/history-genealogy?field_resource_category_target_id=19,History & Genealogy | Clearview Library,./reports/114.html,0,0,0,0,0
115,https://clearviewlibrary.org/borrow-research/research/history-genealogy?field_resource_category_target_id=16,History & Genealogy | Clearview Library,./reports/115.html,0,0,0,0,0
116,https://clearviewlibrary.org/borrow-research/research/history-genealogy?field_resource_category_target_id=23,History & Genealogy | Clearview Library,./reports/116.html,0,0,0,0,0
117,https://clearviewlibrary.org/borrow-research/research/history-genealogy?field_resource_category_target_id=25,History & Genealogy | Clearview Library,./reports/117.html,0,0,0,0,0
118,https://clearviewlibrary.org/borrow-research/research/history-genealogy?field_resource_category_target_id=24,History & Genealogy | Clearview Library,./reports/118.html,0,0,0,0,0
119,https://clearviewlibrary.org/borrow-research/research/history-genealogy?field_resource_category_target_id=21,History & Genealogy | Clearview Library,./reports/119.html,0,0,0,0,0
12,https://clearviewlibrary.org/borrow-research/books-movies-more/read-watch-listen-suggestions,"Read, Watch, Listen Suggestions | Clearview Library",./reports/12.html,0,0,0,0,0
120,https://clearviewlibrary.org/borrow-research/research/history-genealogy?field_resource_category_target_id=26,History & Genealogy | Clearview Library,./reports/120.html,0,0,0,0,0
121,https://clearviewlibrary.org/borrow-research/research/history-genealogy?field_resource_category_target_id=62,History & Genealogy | Clearview Library,./reports/121.html,0,0,0,0,0
122,https://clearviewlibrary.org/borrow-research/research/homework-online-learning-0?field_resource_category_target_id=77,Homework & Online Learning | Clearview Library,./reports/122.html,0,0,0,0,0
123,https://clearviewlibrary.org/borrow-research/research/homework-online-learning-0?field_resource_category_target_id=20,Homework & Online Learning | Clearview Library,./reports/123.html,0,0,0,0,0
124,https://clearviewlibrary.org/borrow-research/research/homework-online-learning-0?field_resource_category_target_id=18,Homework & Online Learning | Clearview Library,./reports/124.html,0,0,0,0,0
125,https://clearviewlibrary.org/borrow-research/research/homework-online-learning-0?field_resource_category_target_id=19,Homework & Online Learning | Clearview Library,./reports/125.html,0,0,0,0,0
126,https://clearviewlibrary.org/borrow-research/research/homework-online-learning-0?field_resource_category_target_id=16,Homework & Online Learning | Clearview Library,./reports/126.html,0,0,0,0,0
127,https://clearviewlibrary.org/borrow-research/research/homework-online-learning-0?field_resource_category_target_id=23,Homework & Online Learning | Clearview Library,./reports/127.html,0,0,0,0,0
128,https://clearviewlibrary.org/borrow-research/research/homework-online-learning-0?field_resource_category_target_id=25,Homework & Online Learning | Clearview Library,./reports/128.html,0,0,0,0,0
129,https://clearviewlibrary.org/borrow-research/research/homework-online-learning-0?field_resource_category_target_id=24,Homework & Online Learning | Clearview Library,./reports/129.html,0,0,0,0,0
13,https://clearviewlibrary.org/borrow-research/research,Research | Clearview Library,./reports/13.html,0,0,0,0,0
130,https://clearviewlibrary.org/borrow-research/research/homework-online-learning-0?field_resource_category_target_id=21,Homework & Online Learning | Clearview Library,./reports/130.html,0,0,0,0,0
131,https://clearviewlibrary.org/borrow-research/research/homework-online-learning-0?field_resource_category_target_id=26,Homework & Online Learning | Clearview Library,./reports/131.html,0,0,0,0,0
132,https://clearviewlibrary.org/borrow-research/research/homework-online-learning-0?field_resource_category_target_id=62,Homework & Online Learning | Clearview Library,./reports/132.html,0,0,0,0,0
133,https://clearviewlibrary.org/borrow-research/research/news-current-events?field_resource_category_target_id=77,News & Current Events | Clearview Library,./reports/133.html,0,0,0,0,0
134,https://clearviewlibrary.org/borrow-research/research/news-current-events?field_resource_category_target_id=20,News & Current Events | Clearview Library,./reports/134.html,0,0,0,0,0
135,https://clearviewlibrary.org/borrow-research/research/news-current-events?field_resource_category_target_id=18,News & Current Events | Clearview Library,./reports/135.html,0,0,0,0,0
136,https://clearviewlibrary.org/borrow-research/research/news-current-events?field_resource_category_target_id=19,News & Current Events | Clearview Library,./reports/136.html,0,0,0,0,0
137,https://clearviewlibrary.org/borrow-research/research/news-current-events?field_resource_category_target_id=16,News & Current Events | Clearview Library,./reports/137.html,0,0,0,0,0
138,https://clearviewlibrary.org/borrow-research/research/news-current-events?field_resource_category_target_id=23,News & Current Events | Clearview Library,./reports/138.html,0,0,0,0,0
139,https://clearviewlibrary.org/borrow-research/research/news-current-events?field_resource_category_target_id=25,News & Current Events | Clearview Library,./reports/139.html,0,0,0,0,0
14,https://clearviewlibrary.org/borrow-research/research/books-literature-0,Books & Literature | Clearview Library,./reports/14.html,0,0,0,0,0
140,https://clearviewlibrary.org/borrow-research/research/news-current-events?field_resource_category_target_id=24,News & Current Events | Clearview Library,./reports/140.html,0,0,0,0,0
141,https://clearviewlibrary.org/borrow-research/research/news-current-events?field_resource_category_target_id=21,News & Current Events | Clearview Library,./reports/141.html,0,0,0,0,0
142,https://clearviewlibrary.org/borrow-research/research/news-current-events?field_resource_category_target_id=26,News & Current Events | Clearview Library,./reports/142.html,0,0,0,0,0
143,https://clearviewlibrary.org/borrow-research/research/news-current-events?field_resource_category_target_id=62,News & Current Events | Clearview Library,./reports/143.html,0,0,0,0,0
144,https://clearviewlibrary.org/about-us/learn-more/policies-faqs/meeting-room-policy,Meeting Room Policy | Clearview Library,./reports/144.html,0,0,0,0,0
145,https://clearviewlibrary.org/about-us/learn-more/news/signup,Newsletter Signup | Clearview Library,./reports/145.html,0,0,0,0,0
146,https://clearviewlibrary.org/100-books-before-graduation,100 Books Before Graduation | Clearview Library,./reports/146.html,1,0,0,1,0
147,https://clearviewlibrary.org/junior-librarian,Junior Librarian | Clearview Library,./reports/147.html,2,2,0,1,0
148,https://clearviewlibrary.org/about-us/learn-more/policies-faqs/unattended-children-and-behavior-policy,Unattended Children and Behavior Policy | Clearview Library,./reports/148.html,0,0,0,0,0
149,https://clearviewlibrary.org/programs-events/just-for-kids/1kbk-signup,1000 Books Before Kindergarten Signup | Clearview Library,./reports/149.html,1,0,0,1,0
15,https://clearviewlibrary.org/borrow-research/research/business-legal-0,Business & Legal | Clearview Library,./reports/15.html,0,0,0,0,0
150,https://clearviewlibrary.org/about-us/learn-more/news/staff-spotlight-our-bookmobile,Staff Spotlight: Our Bookmobile | Clearview Library,./reports/150.html,0,0,0,0,0
151,https://clearviewlibrary.org/borrow-research/research/all-databases,All Databases | Clearview Library,./reports/151.html,0,0,0,0,0
152,https://clearviewlibrary.org/about-us/learn-more/news/cookbook-nook-windsor-colorado-centennial-cookbook-1890-1990,Cookbook Nook: Windsor Colorado Centennial Cookbook 1890-1990 | Clearview Library,./reports/152.html,0,0,0,0,0
153,https://clearviewlibrary.org/about-us/learn-more/news/proposal-network-services-and-hardware-all-sites,Proposal for Network Services and Hardware for All Sites | Clearview Library,./reports/153.html,0,0,0,0,0
154,https://clearviewlibrary.org/about-us/learn-more/news/staff-spotlight-cristin-altepeter,Staff Spotlight: Cristin Altepeter | Clearview Library,./reports/154.html,0,0,0,0,0
155,https://clearviewlibrary.org/about-us/learn-more/news?page=0,News | Clearview Library,./reports/155.html,0,0,0,0,0
156,https://clearviewlibrary.org/about-us/learn-more/news?page=1,News | Clearview Library,./reports/156.html,0,0,0,0,0
157,https://clearviewlibrary.org/about-us/learn-more/news?page=2,News | Clearview Library,./reports/157.html,0,0,0,0,0
158,https://clearviewlibrary.org/about-us/learn-more/news?page=3,News | Clearview Library,./reports/158.html,0,0,0,0,0
159,https://clearviewlibrary.org/about-us/learn-more/news?page=4,News | Clearview Library,./reports/159.html,0,0,0,0,0
16,https://clearviewlibrary.org/borrow-research/research/history-genealogy,History & Genealogy | Clearview Library,./reports/16.html,0,0,0,0,0
160,https://clearviewlibrary.org/about-us/learn-more/news?page=5,News | Clearview Library,./reports/160.html,0,0,0,0,0
161,https://clearviewlibrary.org/about-us/learn-more/news?page=6,News | Clearview Library,./reports/161.html,0,0,0,0,0
162,https://clearviewlibrary.org/about-us/learn-more/news?page=7,News | Clearview Library,./reports/162.html,0,0,0,0,0
163,https://clearviewlibrary.org/about-us/learn-more/news?page=8,News | Clearview Library,./reports/163.html,0,0,0,0,0
164,https://clearviewlibrary.org/about-us/learn-more/policies-faqs/bookmobile-policy,Bookmobile Policy | Clearview Library,./reports/164.html,0,0,0,0,0
165,https://clearviewlibrary.org/about-us/learn-more/policies-faqs/check-out-policy,Check Out Policy | Clearview Library,./reports/165.html,0,0,0,0,0
166,https://clearviewlibrary.org/about-us/learn-more/policies-faqs/co-location-library-facilities-policy,Co-Location of Library Facilities Policy | Clearview Library,./reports/166.html,0,0,0,0,0
167,https://clearviewlibrary.org/about-us/learn-more/policies-faqs/collection-development-policy,Collection Development Policy | Clearview Library,./reports/167.html,0,0,0,0,0
168,https://clearviewlibrary.org/about-us/learn-more/policies-faqs/comments-complaints-and-concerns-policy,"Comments, Complaints, and Concerns Policy | Clearview Library",./reports/168.html,0,0,0,0,0
169,https://clearviewlibrary.org/about-us/learn-more/policies-faqs/conduct-library-policy,Conduct in the Library Policy | Clearview Library,./reports/169.html,0,0,0,0,0
17,https://clearviewlibrary.org/borrow-research/research/homework-online-learning-0,Homework & Online Learning | Clearview Library,./reports/17.html,0,0,0,0,0
170,https://clearviewlibrary.org/about-us/learn-more/policies-faqs/copyright-policy,Copyright Policy | Clearview Library,./reports/170.html,0,0,0,0,0
171,https://clearviewlibrary.org/about-us/learn-more/policies-faqs/emergency-closings-policy,Emergency Closings Policy | Clearview Library,./reports/171.html,0,0,0,0,0
172,https://clearviewlibrary.org/about-us/learn-more/policies-faqs/facilities-policy,Facilities Policy | Clearview Library,./reports/172.html,0,0,0,0,0
173,https://clearviewlibrary.org/about-us/learn-more/policies-faqs/financial-policies,Financial Policies | Clearview Library,./reports/173.html,0,0,0,0,0
174,https://clearviewlibrary.org/about-us/learn-more/policies-faqs/interlibrary-loan-policy,Interlibrary Loan Policy | Clearview Library,./reports/174.html,0,0,0,0,0
175,https://clearviewlibrary.org/about-us/learn-more/policies-faqs/internet-safety-and-acceptable-use-policy,Internet Safety and Acceptable Use Policy | Clearview Library,./reports/175.html,0,0,0,0,0
176,https://clearviewlibrary.org/about-us/learn-more/policies-faqs/investment-policy,Investment Policy | Clearview Library,./reports/176.html,0,0,0,0,0
177,https://clearviewlibrary.org/about-us/learn-more/policies-faqs/material-donation-policy,Material Donation Policy | Clearview Library,./reports/177.html,0,0,0,0,0
178,https://clearviewlibrary.org/about-us/learn-more/policies-faqs/naming-rights-policy,Naming Rights Policy | Clearview Library,./reports/178.html,0,0,0,0,0
179,https://clearviewlibrary.org/about-us/learn-more/policies-faqs/open-records-policy,Open Records Policy | Clearview Library,./reports/179.html,0,0,0,0,0
18,https://clearviewlibrary.org/borrow-research/research/news-current-events,News & Current Events | Clearview Library,./reports/18.html,0,0,0,0,0
180,https://clearviewlibrary.org/about-us/learn-more/policies-faqs/photography-videography-and-recording-policy,"Photography, Videography, and Recording Policy | Clearview Library",./reports/180.html,0,0,0,0,0
181,https://clearviewlibrary.org/about-us/learn-more/policies-faqs/postings-promotional-materials-displays-and-exhibits-policy,"Postings, Promotional Materials, Displays, and Exhibits Policy | Clearview Library",./reports/181.html,0,0,0,0,0
182,https://clearviewlibrary.org/about-us/learn-more/policies-faqs/privacy-user-records-policy,Privacy of User Records Policy | Clearview Library,./reports/182.html,0,0,0,0,0
183,https://clearviewlibrary.org/about-us/learn-more/policies-faqs/procurement-policy,Procurement Policy | Clearview Library,./reports/183.html,0,0,0,0,0
184,https://clearviewlibrary.org/about-us/learn-more/policies-faqs/program-policy,Program Policy | Clearview Library,./reports/184.html,0,0,0,0,0
185,https://clearviewlibrary.org/about-us/learn-more/policies-faqs/provision-library-services-policy,Provision of Library Services Policy | Clearview Library,./reports/185.html,0,0,0,0,0
186,https://clearviewlibrary.org/about-us/learn-more/policies-faqs/public-art-policy,Public Art Policy | Clearview Library,./reports/186.html,0,0,0,0,0
187,https://clearviewlibrary.org/about-us/learn-more/policies-faqs/public-comment-policy,Public Comment Policy | Clearview Library,./reports/187.html,0,0,0,0,0
188,https://clearviewlibrary.org/about-us/learn-more/policies-faqs/records-retention-policy,Records Retention Policy | Clearview Library,./reports/188.html,0,0,0,0,0
189,https://clearviewlibrary.org/about-us/learn-more/policies-faqs/request-for-reconsideration-policy,Request for Reconsideration Policy | Clearview Library,./reports/189.html,0,0,0,0,0
19,https://clearviewlibrary.org/services/other/reserve-room,Reserve a Meeting Room | Clearview Library,./reports/19.html,0,0,0,0,0
190,https://clearviewlibrary.org/about-us/learn-more/policies-faqs/request-public-records,Request Public Records | Clearview Library,./reports/190.html,1,0,0,1,0
191,https://clearviewlibrary.org/about-us/learn-more/policies-faqs/social-media-policy,Social Media Policy | Clearview Library,./reports/191.html,0,0,0,0,0
192,https://clearviewlibrary.org/about-us/learn-more/policies-faqs/solicitation-and-petitioning-policy,Solicitation and Petitioning Policy | Clearview Library,./reports/192.html,0,0,0,0,0
193,https://clearviewlibrary.org/about-us/learn-more/policies-faqs/teen-spaces-policy,Teen Spaces Policy | Clearview Library,./reports/193.html,0,0,0,0,0
194,https://clearviewlibrary.org/about-us/support-donate/volunteer/teens,Teen Volunteer Application Form | Clearview Library,./reports/194.html,1,0,1,0,0
195,https://clearviewlibrary.org/form/youth-services-volunteer,Youth Services Volunteer Application | Clearview Library,./reports/195.html,1,0,0,1,0
196,https://clearviewlibrary.org/about-us/learn-more/news/half-baked-harvest-quick-cozy-cookbook-tieghan-gerard,Half Baked Harvest Quick & Cozy: A Cookbook by Tieghan Gerard | Clearview Library,./reports/196.html,0,0,0,0,0
197,https://clearviewlibrary.org/about-us/learn-more/news/cookbook-nook-pumpkin-spice-cookbook-60-wonderfully-warming-recipes,Cookbook Nook: The Pumpkin Spice Cookbook: 60 Wonderfully Warming Recipes by Heather Thomas | Clearview Library,./reports/197.html,0,0,0,0,0
198,https://clearviewlibrary.org/about-us/learn-more/news/cookbook-nook-unofficial-harry-potter-cookbook-dinah-bucholz,Cookbook Nook: The Unofficial Harry Potter Cookbook by Dinah Bucholz | Clearview Library,./reports/198.html,0,0,0,0,0
199,https://clearviewlibrary.org/about-us/learn-more/news/cookbook-nook-how-not-die-cookbook-michael-greger,Cookbook Nook: The How Not to Die Cookbook by Michael Greger | Clearview Library,./reports/199.html,0,0,0,0,0
2,https://clearviewlibrary.org/,Homepage | Clearview Library,./reports/2.html,0,0,0,0,0
20,https://clearviewlibrary.org/programs-events/upcoming-events/for-adults,For Adults | Clearview Library,./reports/20.html,0,0,0,0,0
200,https://clearviewlibrary.org/about-us/learn-more/news/cookbook-nook-noom-kitchen-100-healthy-delicious-flexible-recipes-every,"Cookbook Nook: The Noom Kitchen: 100 Healthy, Delicious, Flexible Recipes for Every Day by Noom | Clearview Library",./reports/200.html,0,0,0,0,0
201,https://clearviewlibrary.org/about-us/learn-more/news/cookbook-nook-mexican-today-pati-jinish,Cookbook Nook: Mexican Today by Pati Jinish | Clearview Library,./reports/201.html,0,0,0,0,0
202,https://clearviewlibrary.org/about-us/learn-more/news/cookbook-nook-blue-zones-american-kitchen-dan-buettner,Cookbook Nook: The Blue Zones American Kitchen by Dan Buettner | Clearview Library,./reports/202.html,0,0,0,0,0
203,https://clearviewlibrary.org/about-us/learn-more/news/cookbook-nook-taste-home-make-ahead-comfort-foods,Cookbook Nook: Taste of Home: Make-Ahead Comfort Foods | Clearview Library,./reports/203.html,0,0,0,0,0
204,https://clearviewlibrary.org/about-us/learn-more/news/cookbook-nook-milk-street-cook-what-you-have-christopher-kimball,Cookbook Nook: Milk Street: Cook What You Have by Christopher Kimball | Clearview Library,./reports/204.html,0,0,0,0,0
205,https://clearviewlibrary.org/cookbook-nook?page=0,Cookbook Nook | Clearview Library,./reports/205.html,0,0,0,0,0
206,https://clearviewlibrary.org/cookbook-nook?page=1,Cookbook Nook | Clearview Library,./reports/206.html,0,0,0,0,0
207,https://clearviewlibrary.org/cookbook-nook?page=2,Cookbook Nook | Clearview Library,./reports/207.html,0,0,0,0,0
208,https://clearviewlibrary.org/about-us/learn-more/news/staff-spotlight-sadie,Staff Spotlight: Sadie | Clearview Library,./reports/208.html,0,0,0,0,0
209,https://clearviewlibrary.org/about-us/learn-more/news/staff-spotlight-anna,Staff Spotlight: Anna | Clearview Library,./reports/209.html,0,0,0,0,0
21,https://clearviewlibrary.org/programs-events/upcoming-events/for-teens,For Teens | Clearview Library,./reports/21.html,2,0,1,1,0
210,https://clearviewlibrary.org/about-us/learn-more/news/staff-spotlight-cynthia,Staff Spotlight: Cynthia | Clearview Library,./reports/210.html,0,0,0,0,0
211,https://clearviewlibrary.org/about-us/learn-more/news/staff-spotlight-lyndsey,Staff Spotlight: Lyndsey | Clearview Library,./reports/211.html,0,0,0,0,0
212,https://clearviewlibrary.org/about-us/learn-more/news/staff-spotlight-amanda-brian,Staff Spotlight: Amanda Brian | Clearview Library,./reports/212.html,0,0,0,0,0
213,https://clearviewlibrary.org/about-us/learn-more/news/staff-spotlight-courtney-harris,Staff Spotlight: Courtney Harris | Clearview Library,./reports/213.html,0,0,0,0,0
214,https://clearviewlibrary.org/about-us/learn-more/news/staff-spotlight-sarah-strawn,Staff Spotlight: Sarah Strawn | Clearview Library,./reports/214.html,0,0,0,0,0
215,https://clearviewlibrary.org/about-us/learn-more/news/staff-spotlight-laura-blakley,Staff Spotlight: Laura Blakley | Clearview Library,./reports/215.html,0,0,0,0,0
216,https://clearviewlibrary.org/about-us/learn-more/news/staff-spotlight-julie-santilli,Staff Spotlight: Julie Santilli | Clearview Library,./reports/216.html,0,0,0,0,0
217,https://clearviewlibrary.org/about-us/learn-more/news/staff-spotlight-jessica-colombo,Staff Spotlight: Jessica Colombo | Clearview Library,./reports/217.html,0,0,0,0,0
218,https://clearviewlibrary.org/about-us/learn-more/news/staff-spotlight-tucker-valentine,Staff Spotlight: Tucker Valentine | Clearview Library,./reports/218.html,0,0,0,0,0
219,https://clearviewlibrary.org/about-us/learn-more/news/staff-spotlight?page=0,Staff Spotlight | Clearview Library,./reports/219.html,0,0,0,0,0
22,https://clearviewlibrary.org/programs-events/upcoming-events/book-clubs,Book Clubs | Clearview Library,./reports/22.html,1,0,0,1,0
220,https://clearviewlibrary.org/about-us/learn-more/news/staff-spotlight?page=1,Staff Spotlight | Clearview Library,./reports/220.html,0,0,0,0,0
221,https://clearviewlibrary.org/about-us/learn-more/news/staff-spotlight?page=2,Staff Spotlight | Clearview Library,./reports/221.html,0,0,0,0,0
222,https://clearviewlibrary.org/about-us/learn-more/news/windsor-and-severance-library-branches-announce-new-hours-starting,"Windsor and Severance Library Branches Announce New Hours Starting December 30, 2024 | Clearview Library",./reports/222.html,0,0,0,0,0
223,https://clearviewlibrary.org/about-us/learn-more/news/clearview-library-district-statement-town-windsors-development-resolution,Clearview Library District Statement on Town of Windsor’s Development Resolution (2024-62) | Clearview Library,./reports/223.html,0,0,0,0,0
224,https://clearviewlibrary.org/about-us/learn-more/news/request-proposal-auditor-services,Request for Proposal for Auditor Services | Clearview Library,./reports/224.html,0,0,0,0,0
225,https://clearviewlibrary.org/about-us/learn-more/news/clearview-library-district-appoints-new-library-director,Clearview Library District Appoints New Library Director | Clearview Library,./reports/225.html,0,0,0,0,0
226,https://clearviewlibrary.org/about-us/learn-more/news/discover-more-pika-our-new-intuitive-catalog-system,Discover More with Pika: Our New Intuitive Catalog System | Clearview Library,./reports/226.html,0,0,0,0,0
227,https://clearviewlibrary.org/about-us/learn-more/news/2024-candidates-library-director-position,2024 Candidates for the Library Director Position | Clearview Library,./reports/227.html,0,0,0,0,0
228,https://clearviewlibrary.org/about-us/learn-more/news/clearview-library-district-plans-new-leadership,Clearview Library District Plans for New Leadership | Clearview Library,./reports/228.html,0,0,0,0,0
229,https://clearviewlibrary.org/about-us/learn-more/news/library-district-director-retirement-announcement,Library District Director Retirement Announcement | Clearview Library,./reports/229.html,0,0,0,0,0
23,https://clearviewlibrary.org/programs-events/upcoming-events/suggest-program,Suggest a Program | Clearview Library,./reports/23.html,0,0,0,0,0
230,https://clearviewlibrary.org/about-us/learn-more/news/news?page=0,News | Clearview Library,./reports/230.html,0,0,0,0,0
231,https://clearviewlibrary.org/about-us/learn-more/news/news?page=1,News | Clearview Library,./reports/231.html,0,0,0,0,0
232,https://clearviewlibrary.org/about-us/learn-more/news/art-library-winter-edition,Art in the Library - Winter Edition! | Clearview Library,./reports/232.html,0,0,0,0,0
233,https://clearviewlibrary.org/about-us/learn-more/news/art-library-may-july-2024,Art in the Library! May - July 2024 | Clearview Library,./reports/233.html,0,0,0,0,0
234,https://clearviewlibrary.org/about-us/learn-more/news/art-library-march-may-2024,Art in the Library! March - May 2024 | Clearview Library,./reports/234.html,0,0,0,0,0
235,https://clearviewlibrary.org/about-us/learn-more/news/art-in-the-library-January-March-2024,Art in the Library! January - March 2024 | Clearview Library,./reports/235.html,0,0,0,0,0
236,https://clearviewlibrary.org/about-us/learn-more/news/art-in-the-library,Art in the Library! | Clearview Library,./reports/236.html,0,0,0,0,0
237,https://clearviewlibrary.org/about-us/learn-more/news/clearview-library-adds-genealogy-databases,Clearview Library Adds Genealogy Databases | Clearview Library,./reports/237.html,0,0,0,0,0
238,https://clearviewlibrary.org/borrow-research/research?field_resource_category_target_id=All,Research | Clearview Library,./reports/238.html,0,0,0,0,0
239,https://clearviewlibrary.org/borrow-research/research/general-research?field_resource_category_target_id=77,General Research | Clearview Library,./reports/239.html,0,0,0,0,0
24,https://clearviewlibrary.org/sap,Summer Adventure Program | Clearview Library,./reports/24.html,0,0,0,0,0
240,https://clearviewlibrary.org/borrow-research/research/general-research?field_resource_category_target_id=20,General Research | Clearview Library,./reports/240.html,0,0,0,0,0
241,https://clearviewlibrary.org/borrow-research/research/general-research?field_resource_category_target_id=18,General Research | Clearview Library,./reports/241.html,0,0,0,0,0
242,https://clearviewlibrary.org/borrow-research/research/general-research?field_resource_category_target_id=19,General Research | Clearview Library,./reports/242.html,0,0,0,0,0
243,https://clearviewlibrary.org/borrow-research/research/general-research?field_resource_category_target_id=16,General Research | Clearview Library,./reports/243.html,0,0,0,0,0
244,https://clearviewlibrary.org/borrow-research/research/general-research?field_resource_category_target_id=23,General Research | Clearview Library,./reports/244.html,0,0,0,0,0
245,https://clearviewlibrary.org/borrow-research/research/general-research?field_resource_category_target_id=25,General Research | Clearview Library,./reports/245.html,0,0,0,0,0
246,https://clearviewlibrary.org/borrow-research/research/general-research?field_resource_category_target_id=24,General Research | Clearview Library,./reports/246.html,0,0,0,0,0
247,https://clearviewlibrary.org/borrow-research/research/general-research?field_resource_category_target_id=21,General Research | Clearview Library,./reports/247.html,0,0,0,0,0
248,https://clearviewlibrary.org/borrow-research/research/general-research?field_resource_category_target_id=26,General Research | Clearview Library,./reports/248.html,0,0,0,0,0
249,https://clearviewlibrary.org/borrow-research/research/general-research?field_resource_category_target_id=62,General Research | Clearview Library,./reports/249.html,0,0,0,0,0
25,https://clearviewlibrary.org/programs-events/just-for-kids,Just for Kids | Clearview Library,./reports/25.html,0,0,0,0,0
250,https://clearviewlibrary.org/borrow-research/research/automotive?field_resource_category_target_id=77,Automotive | Clearview Library,./reports/250.html,0,0,0,0,0
251,https://clearviewlibrary.org/borrow-research/research/automotive?field_resource_category_target_id=20,Automotive | Clearview Library,./reports/251.html,0,0,0,0,0
252,https://clearviewlibrary.org/borrow-research/research/automotive?field_resource_category_target_id=18,Automotive | Clearview Library,./reports/252.html,0,0,0,0,0
253,https://clearviewlibrary.org/borrow-research/research/automotive?field_resource_category_target_id=19,Automotive | Clearview Library,./reports/253.html,0,0,0,0,0
254,https://clearviewlibrary.org/borrow-research/research/automotive?field_resource_category_target_id=16,Automotive | Clearview Library,./reports/254.html,0,0,0,0,0
255,https://clearviewlibrary.org/borrow-research/research/automotive?field_resource_category_target_id=23,Automotive | Clearview Library,./reports/255.html,0,0,0,0,0
256,https://clearviewlibrary.org/borrow-research/research/automotive?field_resource_category_target_id=25,Automotive | Clearview Library,./reports/256.html,0,0,0,0,0
257,https://clearviewlibrary.org/borrow-research/research/automotive?field_resource_category_target_id=24,Automotive | Clearview Library,./reports/257.html,0,0,0,0,0
258,https://clearviewlibrary.org/borrow-research/research/automotive?field_resource_category_target_id=21,Automotive | Clearview Library,./reports/258.html,0,0,0,0,0
259,https://clearviewlibrary.org/borrow-research/research/automotive?field_resource_category_target_id=26,Automotive | Clearview Library,./reports/259.html,0,0,0,0,0
26,https://clearviewlibrary.org/programs-events/just-for-kids/little-ones,Little Ones | Clearview Library,./reports/26.html,1,0,1,0,0
260,https://clearviewlibrary.org/borrow-research/research/automotive?field_resource_category_target_id=62,Automotive | Clearview Library,./reports/260.html,0,0,0,0,0
261,https://clearviewlibrary.org/borrow-research/research/health-science?field_resource_category_target_id=77,Health & Science | Clearview Library,./reports/261.html,0,0,0,0,0
262,https://clearviewlibrary.org/borrow-research/research/health-science?field_resource_category_target_id=20,Health & Science | Clearview Library,./reports/262.html,0,0,0,0,0
263,https://clearviewlibrary.org/borrow-research/research/health-science?field_resource_category_target_id=18,Health & Science | Clearview Library,./reports/263.html,0,0,0,0,0
264,https://clearviewlibrary.org/borrow-research/research/health-science?field_resource_category_target_id=19,Health & Science | Clearview Library,./reports/264.html,0,0,0,0,0
265,https://clearviewlibrary.org/borrow-research/research/health-science?field_resource_category_target_id=16,Health & Science | Clearview Library,./reports/265.html,0,0,0,0,0
266,https://clearviewlibrary.org/borrow-research/research/health-science?field_resource_category_target_id=23,Health & Science | Clearview Library,./reports/266.html,0,0,0,0,0
267,https://clearviewlibrary.org/borrow-research/research/health-science?field_resource_category_target_id=25,Health & Science | Clearview Library,./reports/267.html,0,0,0,0,0
268,https://clearviewlibrary.org/borrow-research/research/health-science?field_resource_category_target_id=24,Health & Science | Clearview Library,./reports/268.html,0,0,0,0,0
269,https://clearviewlibrary.org/borrow-research/research/health-science?field_resource_category_target_id=21,Health & Science | Clearview Library,./reports/269.html,0,0,0,0,0
27,https://clearviewlibrary.org/programs-events/just-for-kids/1k-books-before-kindergarten,1000 Books Before Kindergarten | Clearview Library,./reports/27.html,0,0,0,0,0
270,https://clearviewlibrary.org/borrow-research/research/health-science?field_resource_category_target_id=26,Health & Science | Clearview Library,./reports/270.html,0,0,0,0,0
271,https://clearviewlibrary.org/borrow-research/research/health-science?field_resource_category_target_id=62,Health & Science | Clearview Library,./reports/271.html,0,0,0,0,0
272,https://clearviewlibrary.org/borrow-research/research/hobbies?field_resource_category_target_id=77,Hobbies | Clearview Library,./reports/272.html,0,0,0,0,0
273,https://clearviewlibrary.org/borrow-research/research/hobbies?field_resource_category_target_id=20,Hobbies | Clearview Library,./reports/273.html,0,0,0,0,0
274,https://clearviewlibrary.org/borrow-research/research/hobbies?field_resource_category_target_id=18,Hobbies | Clearview Library,./reports/274.html,0,0,0,0,0
275,https://clearviewlibrary.org/borrow-research/research/hobbies?field_resource_category_target_id=19,Hobbies | Clearview Library,./reports/275.html,0,0,0,0,0
276,https://clearviewlibrary.org/borrow-research/research/hobbies?field_resource_category_target_id=16,Hobbies | Clearview Library,./reports/276.html,0,0,0,0,0
277,https://clearviewlibrary.org/borrow-research/research/hobbies?field_resource_category_target_id=23,Hobbies | Clearview Library,./reports/277.html,0,0,0,0,0
278,https://clearviewlibrary.org/borrow-research/research/hobbies?field_resource_category_target_id=25,Hobbies | Clearview Library,./reports/278.html,0,0,0,0,0
279,https://clearviewlibrary.org/borrow-research/research/hobbies?field_resource_category_target_id=24,Hobbies | Clearview Library,./reports/279.html,0,0,0,0,0
28,https://clearviewlibrary.org/services,Services | Clearview Library,./reports/28.html,0,0,0,0,0
280,https://clearviewlibrary.org/borrow-research/research/hobbies?field_resource_category_target_id=21,Hobbies | Clearview Library,./reports/280.html,0,0,0,0,0
281,https://clearviewlibrary.org/borrow-research/research/hobbies?field_resource_category_target_id=26,Hobbies | Clearview Library,./reports/281.html,0,0,0,0,0
282,https://clearviewlibrary.org/borrow-research/research/hobbies?field_resource_category_target_id=62,Hobbies | Clearview Library,./reports/282.html,0,0,0,0,0
283,https://clearviewlibrary.org/borrow-research/research/technology?field_resource_category_target_id=77,Technology | Clearview Library,./reports/283.html,0,0,0,0,0
284,https://clearviewlibrary.org/borrow-research/research/technology?field_resource_category_target_id=20,Technology | Clearview Library,./reports/284.html,0,0,0,0,0
285,https://clearviewlibrary.org/borrow-research/research/technology?field_resource_category_target_id=18,Technology | Clearview Library,./reports/285.html,0,0,0,0,0
286,https://clearviewlibrary.org/borrow-research/research/technology?field_resource_category_target_id=19,Technology | Clearview Library,./reports/286.html,0,0,0,0,0
287,https://clearviewlibrary.org/borrow-research/research/technology?field_resource_category_target_id=16,Technology | Clearview Library,./reports/287.html,0,0,0,0,0
288,https://clearviewlibrary.org/borrow-research/research/technology?field_resource_category_target_id=23,Technology | Clearview Library,./reports/288.html,0,0,0,0,0
289,https://clearviewlibrary.org/borrow-research/research/technology?field_resource_category_target_id=25,Technology | Clearview Library,./reports/289.html,0,0,0,0,0
29,https://clearviewlibrary.org/services/technology,Technology Services | Clearview Library,./reports/29.html,0,0,0,0,0
290,https://clearviewlibrary.org/borrow-research/research/technology?field_resource_category_target_id=24,Technology | Clearview Library,./reports/290.html,0,0,0,0,0
291,https://clearviewlibrary.org/borrow-research/research/technology?field_resource_category_target_id=21,Technology | Clearview Library,./reports/291.html,0,0,0,0,0
292,https://clearviewlibrary.org/borrow-research/research/technology?field_resource_category_target_id=26,Technology | Clearview Library,./reports/292.html,0,0,0,0,0
293,https://clearviewlibrary.org/borrow-research/research/technology?field_resource_category_target_id=62,Technology | Clearview Library,./reports/293.html,0,0,0,0,0
294,https://clearviewlibrary.org/borrow-research/research/books-literature-0?field_resource_category_target_id=All,Books & Literature | Clearview Library,./reports/294.html,0,0,0,0,0
295,https://clearviewlibrary.org/borrow-research/research/business-legal-0?field_resource_category_target_id=All,Business & Legal | Clearview Library,./reports/295.html,0,0,0,0,0
296,https://clearviewlibrary.org/borrow-research/research/history-genealogy?field_resource_category_target_id=All,History & Genealogy | Clearview Library,./reports/296.html,0,0,0,0,0
297,https://clearviewlibrary.org/borrow-research/research/homework-online-learning-0?field_resource_category_target_id=All,Homework & Online Learning | Clearview Library,./reports/297.html,0,0,0,0,0
298,https://clearviewlibrary.org/borrow-research/research/news-current-events?field_resource_category_target_id=All,News & Current Events | Clearview Library,./reports/298.html,0,0,0,0,0
299,https://clearviewlibrary.org/about-us/learn-more/news/library-director-opening,Library Director Opening | Clearview Library,./reports/299.html,0,0,0,0,0
3,https://clearviewlibrary.org/about-us/learn-more/hours-locations,Hours & Locations | Clearview Library,./reports/3.html,0,0,0,0,0
30,https://clearviewlibrary.org/services/technology/3d-printing,3D Printing | Clearview Library,./reports/30.html,0,0,0,0,0
300,https://clearviewlibrary.org/about-us/learn-more/news/cookbook-nook-mug-cakes-chocolate-by-sandra-mahut,Cookbook Nook: Mug Cakes - Chocolate by Sandra Mahut | Clearview Library,./reports/300.html,0,0,0,0,0
301,https://clearviewlibrary.org/about-us/learn-more/news/cookbook-nook-valeries-home-cooking-by-valerie-bertinelli,Cookbook Nook: Valerie’s Home Cooking by Valerie Bertinelli | Clearview Library,./reports/301.html,0,0,0,0,0
302,https://clearviewlibrary.org/about-us/learn-more/news/cookbook-nook-christmas-cookbook-southern-living,Cookbook Nook: Christmas Cookbook by Southern Living | Clearview Library,./reports/302.html,0,0,0,0,0
303,https://clearviewlibrary.org/about-us/learn-more/news/cookbook-nook-evas-kitchen-eva-longoria-and-marah-stets,Cookbook Nook: Eva's Kitchen by Eva Longoria and Marah Stets | Clearview Library,./reports/303.html,0,0,0,0,0
304,https://clearviewlibrary.org/about-us/learn-more/news/staff-spotlight-christy-olson,Staff Spotlight: Christy Olson | Clearview Library,./reports/304.html,0,0,0,0,0
305,https://clearviewlibrary.org/about-us/learn-more/news/cookbook-nook-halloween-cookbook-betty-crocker,Cookbook Nook: Halloween Cookbook by Betty Crocker | Clearview Library,./reports/305.html,0,0,0,0,0
306,https://clearviewlibrary.org/about-us/learn-more/news/staff-spotlight-trisha-parsons,Staff Spotlight: Trisha Parsons | Clearview Library,./reports/306.html,0,0,0,0,0
307,https://clearviewlibrary.org/about-us/learn-more/news/check-out-our-new-book-club-kits,Check Out Our New Book Club Kits | Clearview Library,./reports/307.html,0,0,0,0,0
308,https://clearviewlibrary.org/about-us/learn-more/news/cookbook-nook-forest-feast-simple-vegetarian-recipes-my-cabin-woods,Cookbook Nook: The Forest Feast: Simple Vegetarian Recipes from My Cabin in the Woods | Clearview Library,./reports/308.html,0,0,0,0,0
309,https://clearviewlibrary.org/about-us/learn-more/news/staff-spotlight-mak-northern,Staff Spotlight: Mak Northern | Clearview Library,./reports/309.html,0,0,0,0,0
31,https://clearviewlibrary.org/about-us/learn-more/news/text-notifications,Text Notifications | Clearview Library,./reports/31.html,0,0,0,0,0
310,https://clearviewlibrary.org/about-us/learn-more/news/statement-clearview-library-district-board,Statement from the Clearview Library District Board | Clearview Library,./reports/310.html,0,0,0,0,0
311,https://clearviewlibrary.org/about-us/learn-more/news/staff-spotlight-keith-teklits,Staff Spotlight: Keith Teklits | Clearview Library,./reports/311.html,0,0,0,0,0
312,https://clearviewlibrary.org/about-us/learn-more/news/cookbook-nook-farmhouse-rules-seasonal-meals-whole-family,The Cookbook Nook: Farmhouse Rules: Seasonal Meals for the Whole Family | Clearview Library,./reports/312.html,0,0,0,0,0
313,https://clearviewlibrary.org/about-us/learn-more/news/cookbook-nook-take-it-easy-recipes-zero-stress-deliciousness,The Cookbook Nook: Take It Easy: Recipes for Zero Stress Deliciousness | Clearview Library,./reports/313.html,0,0,0,0,0
314,https://clearviewlibrary.org/about-us/learn-more/news/staff-spotlight-caleb-shaver,Staff Spotlight: Caleb Shaver | Clearview Library,./reports/314.html,0,0,0,0,0
315,https://clearviewlibrary.org/about-us/learn-more/news/request-proposal-shelving,Request for Proposal for Shelving | Clearview Library,./reports/315.html,0,0,0,0,0
316,https://clearviewlibrary.org/about-us/learn-more/news/request-proposal-furniture,Request for Proposal for Furniture | Clearview Library,./reports/316.html,0,0,0,0,0
317,https://clearviewlibrary.org/about-us/learn-more/news/cookbook-nook-mi-cocina-recipes-and-rapture-my-kitchen-mexico,The Cookbook Nook: Mi Cocina: Recipes and Rapture from My Kitchen in Mexico | Clearview Library,./reports/317.html,0,0,0,0,0
318,https://clearviewlibrary.org/about-us/learn-more/news/request-proposal-naming-convention-logo-design-and-branding-refresh,"Request for Proposal for Naming Convention, Logo Design, and Branding Refresh | Clearview Library",./reports/318.html,0,0,0,0,0
319,https://clearviewlibrary.org/about-us/learn-more/news/staff-spotlight-cindy-mullanix,Staff Spotlight: Cindy Mullanix | Clearview Library,./reports/319.html,0,0,0,0,0
32,https://clearviewlibrary.org/services/other,Other Services | Clearview Library,./reports/32.html,0,0,0,0,0
320,https://clearviewlibrary.org/about-us/learn-more/news/staff-spotlight-vince-cameron,Staff Spotlight: Vince Cameron | Clearview Library,./reports/320.html,0,0,0,0,0
321,https://clearviewlibrary.org/about-us/learn-more/news/cookbook-nook-delectable-sweet-and-savory-baking-claudia-fleming,The Cookbook Nook: Delectable: Sweet and Savory Baking by Claudia Fleming | Clearview Library,./reports/321.html,0,0,0,0,0
322,https://clearviewlibrary.org/about-us/learn-more/news/clearview-library-district-breaks-ground-new-branch-severance,Clearview Library District Breaks Ground on New Branch in Severance | Clearview Library,./reports/322.html,0,0,0,0,0
323,https://clearviewlibrary.org/about-us/learn-more/news/cookbook-nook-100-techniques-master-lifetime-cooking-skills-basic-bucket,"The Cookbook Nook: 100 Techniques: Master A Lifetime Of Cooking Skills, From Basic To Bucket List by America's Test Kitchen | Clearview Library",./reports/323.html,0,0,0,0,0
324,https://clearviewlibrary.org/about-us/learn-more/news/staff-spotlight-aimee-moore,Staff Spotlight: Aimee Moore | Clearview Library,./reports/324.html,0,0,0,0,0
325,https://clearviewlibrary.org/about-us/learn-more/news/events,Events | Clearview Library,./reports/325.html,0,0,0,0,0
326,https://clearviewlibrary.org/about-us/learn-more/news/national-library-week-2023,National Library Week 2023 | Clearview Library,./reports/326.html,0,0,0,0,0
327,https://clearviewlibrary.org/about-us/learn-more/news/cookbook-nook-pasta-queen-just-gorgeous-cookbook-nadia-caterina-munno,The Cookbook Nook: The Pasta Queen: A Just Gorgeous Cookbook by Nadia Caterina Munno | Clearview Library,./reports/327.html,0,0,0,0,0
328,https://clearviewlibrary.org/about-us/learn-more/news/staff-spotlight-jennifer-bradley,Staff Spotlight: Jennifer Bradley | Clearview Library,./reports/328.html,0,0,0,0,0
329,https://clearviewlibrary.org/about-us/learn-more/news/pioneer-woman-cooks-super-easy-ree-drummond,The Pioneer Woman Cooks: Super Easy! by Ree Drummond | Clearview Library,./reports/329.html,0,0,0,0,0
33,https://clearviewlibrary.org/services/other/bookmobile,Bookmobile | Clearview Library,./reports/33.html,0,0,0,0,0
330,https://clearviewlibrary.org/about-us/learn-more/news/request-proposal-network-services-and-hardware-0,Request for Proposal for Network Services and Hardware | Clearview Library,./reports/330.html,0,0,0,0,0
331,https://clearviewlibrary.org/about-us/learn-more/news/staff-spotlight-sarah-willenbrecht,Staff Spotlight: Sarah Willenbrecht | Clearview Library,./reports/331.html,0,0,0,0,0
332,https://clearviewlibrary.org/about-us/learn-more/news/cookbook-nook-korean-vegan-cookbook-joanne-lee-molinaro,The Cookbook Nook: The Korean Vegan Cookbook by Joanne Lee Molinaro | Clearview Library,./reports/332.html,0,0,0,0,0
333,https://clearviewlibrary.org/about-us/learn-more/news/cookbook-nook-dories-cookies,The Cookbook Nook: Dorie's Cookies | Clearview Library,./reports/333.html,0,0,0,0,0
334,https://clearviewlibrary.org/about-us/learn-more/news/staff-spotlight-tyler-mooney,Staff Spotlight: Tyler Mooney | Clearview Library,./reports/334.html,0,0,0,0,0
335,https://clearviewlibrary.org/about-us/learn-more/news/cookbook-nook-prep-rally,"The Cookbook Nook: Prep + Rally: an hour of prep, a week of delicious meals. | Clearview Library",./reports/335.html,0,0,0,0,0
336,https://clearviewlibrary.org/about-us/learn-more/news/staff-spotlight-becca-sharp,Staff Spotlight: Becca Sharp | Clearview Library,./reports/336.html,0,0,0,0,0
337,https://clearviewlibrary.org/about-us/learn-more/news/cookbook-nook-half-baked-harvest-every-day,Cookbook Nook: Half Baked Harvest: Every Day | Clearview Library,./reports/337.html,0,0,0,0,0
338,https://clearviewlibrary.org/about-us/learn-more/news/staff-spotlight-kaytlen-kidney,Staff Spotlight: Kaytlen Kidney | Clearview Library,./reports/338.html,0,0,0,0,0
339,https://clearviewlibrary.org/about-us/learn-more/news/staff-spotlight-casey-lansinger-pierce,Staff Spotlight: Casey Lansinger-Pierce | Clearview Library,./reports/339.html,0,0,0,0,0
34,https://clearviewlibrary.org/services/other/lobby-stops,Lobby Stops | Clearview Library,./reports/34.html,0,0,0,0,0
340,https://clearviewlibrary.org/about-us/learn-more/news/staff-spotlight-beth-fransen,Staff Spotlight: Beth Fransen | Clearview Library,./reports/340.html,0,0,0,0,0
341,https://clearviewlibrary.org/about-us/learn-more/news/staff-spotlight-christine-henschler,Staff Spotlight: Christine Henschler | Clearview Library,./reports/341.html,0,0,0,0,0
342,https://clearviewlibrary.org/about-us/learn-more/news/severance-library-branch,Severance Library Branch | Clearview Library,./reports/342.html,0,0,0,0,0
343,https://clearviewlibrary.org/about-us/learn-more/news/staff-spotlight-diana-hyland,Staff Spotlight: Diana Hyland | Clearview Library,./reports/343.html,0,0,0,0,0
344,https://clearviewlibrary.org/about-us/learn-more/news/staff-spotlight-aydan-tufton,Staff Spotlight: Aydan Tufton | Clearview Library,./reports/344.html,0,0,0,0,0
345,https://clearviewlibrary.org/about-us/learn-more/news/request-proposal-network-services-and-hardware,Request for Proposal for Network Services and Hardware | Clearview Library,./reports/345.html,0,0,0,0,0
346,https://clearviewlibrary.org/about-us/learn-more/news/staff-spotlight-asa-kennison,Staff Spotlight: Asa Kennison | Clearview Library,./reports/346.html,0,0,0,0,0
347,https://clearviewlibrary.org/about-us/learn-more/news/staff-spotlight-jesse-feavel,Staff Spotlight: Jesse Feavel | Clearview Library,./reports/347.html,0,0,0,0,0
348,https://clearviewlibrary.org/about-us/learn-more/news/library-and-school-district-partner-bring-e-books-students,Library and School District Partner to Bring e-Books to Students | Clearview Library,./reports/348.html,0,0,0,0,0
349,https://clearviewlibrary.org/about-us/learn-more/news/staff-spotlight-rebecca-robbins,Staff Spotlight: Rebecca Robbins | Clearview Library,./reports/349.html,0,0,0,0,0
35,https://clearviewlibrary.org/services/other/tax-help,Tax Help | Clearview Library,./reports/35.html,0,0,0,0,0
350,https://clearviewlibrary.org/about-us/learn-more/policies-faqs/check-out-policy,Check Out Policy | Clearview Library,./reports/350.html,0,0,0,0,0
351,https://clearviewlibrary.org/borrow-research/books-movies-more/suggest-purchase,Access denied | Clearview Library,./reports/351.html,1,0,0,1,0
352,https://clearviewlibrary.org/about-us/learn-more/policies-faqs/request-public-records,Request Public Records | Clearview Library,./reports/352.html,1,0,0,1,0
353,https://clearviewlibrary.org/borrow-research/research/general-research?field_resource_category_target_id=All,General Research | Clearview Library,./reports/353.html,0,0,0,0,0
354,https://clearviewlibrary.org/borrow-research/research/automotive?field_resource_category_target_id=All,Automotive | Clearview Library,./reports/354.html,0,0,0,0,0
355,https://clearviewlibrary.org/borrow-research/research/health-science?field_resource_category_target_id=All,Health & Science | Clearview Library,./reports/355.html,0,0,0,0,0
356,https://clearviewlibrary.org/borrow-research/research/hobbies?field_resource_category_target_id=All,Hobbies | Clearview Library,./reports/356.html,0,0,0,0,0
357,https://clearviewlibrary.org/borrow-research/research/technology?field_resource_category_target_id=All,Technology | Clearview Library,./reports/357.html,0,0,0,0,0
36,https://clearviewlibrary.org/educator-card,Educator Card | Clearview Library,./reports/36.html,1,0,0,1,0
37,https://clearviewlibrary.org/about-us,About Us | Clearview Library,./reports/37.html,0,0,0,0,0
38,https://clearviewlibrary.org/about-us/learn-more,Learn More | Clearview Library,./reports/38.html,0,0,0,0,0
39,https://clearviewlibrary.org/about-us/learn-more/news,News | Clearview Library,./reports/39.html,0,0,0,0,0
4,https://clearviewlibrary.org/contact,Contact | Clearview Library,./reports/4.html,0,0,0,0,0
40,https://clearviewlibrary.org/about-us/learn-more/policies,Policies | Clearview Library,./reports/40.html,0,0,0,0,0
41,https://clearviewlibrary.org/about-us/learn-more/faqs,FAQs | Clearview Library,./reports/41.html,0,0,0,0,0
42,https://clearviewlibrary.org/about-us/learn-more/board-of-trustees,Board of Trustees | Clearview Library,./reports/42.html,1,1,0,0,0
43,https://clearviewlibrary.org/about-us/learn-more/work-with-us,Work With Us | Clearview Library,./reports/43.html,0,0,0,0,0
44,https://clearviewlibrary.org/about-us/learn-more/facilities-plan,Facilities Plan | Clearview Library,./reports/44.html,0,0,0,0,0
45,https://clearviewlibrary.org/about-us/values-priorities,Values & Priorities | Clearview Library,./reports/45.html,0,0,0,0,0
46,https://clearviewlibrary.org/about-us/values-priorities/our-impact,Our Impact | Clearview Library,./reports/46.html,0,0,0,0,0
47,https://clearviewlibrary.org/about-us/values-priorities/financial-spending,Financial Spending | Clearview Library,./reports/47.html,0,0,0,0,0
48,https://clearviewlibrary.org/about-us/values-priorities/strategic-plan,Together Forward: 2024-2025 Strategic Plan | Clearview Library,./reports/48.html,0,0,0,0,0
49,https://clearviewlibrary.org/about-us/support-donate,Support & Donate | Clearview Library,./reports/49.html,0,0,0,0,0
5,https://clearviewlibrary.org/card,Get a Library Card | Clearview Library,./reports/5.html,0,0,0,0,0
50,https://clearviewlibrary.org/about-us/support-donate/volunteer,Volunteer | Clearview Library,./reports/50.html,0,0,0,0,0
51,https://clearviewlibrary.org/your-library-story,Your Library Story | Clearview Library,./reports/51.html,0,0,0,0,0
52,https://clearviewlibrary.org/cookbook-nook,Cookbook Nook | Clearview Library,./reports/52.html,0,0,0,0,0
53,https://clearviewlibrary.org/about-us/learn-more/news/cookbook-nook-martha-stewarts-fruit-desserts-100-delicious-ways-savor-best,Cookbook Nook: Martha Stewart's Fruit Desserts: 100+ Delicious Ways to Savor the Best of Every Season by Martha Stewart | Clearview Library,./reports/53.html,0,0,0,0,0
54,https://clearviewlibrary.org/about-us/learn-more/news/cookbook-nook-official-bridgerton-cookbook-regula-ysewijn,Cookbook Nook: The Official Bridgerton Cookbook by Regula Ysewijn | Clearview Library,./reports/54.html,0,0,0,0,0
55,https://clearviewlibrary.org/about-us/learn-more/news/staff-spotlight,Staff Spotlight | Clearview Library,./reports/55.html,0,0,0,0,0
56,https://clearviewlibrary.org/about-us/learn-more/news/staff-spotlight-amanda,Staff Spotlight: Amanda | Clearview Library,./reports/56.html,0,0,0,0,0
57,https://clearviewlibrary.org/about-us/learn-more/news/news,News | Clearview Library,./reports/57.html,0,0,0,0,0
58,https://clearviewlibrary.org/about-us/learn-more/news/join-clearview-library-district-board-trustees,Join the Clearview Library District Board of Trustees | Clearview Library,./reports/58.html,0,0,0,0,0
59,https://clearviewlibrary.org/about-us/learn-more/news/art-library,Art in the Library | Clearview Library,./reports/59.html,0,0,0,0,0
6,https://clearviewlibrary.org/borrow-research,Borrow & Research | Clearview Library,./reports/6.html,0,0,0,0,0
60,https://clearviewlibrary.org/about-us/learn-more/news/art-library-july-2025,Art in the Library - July 2025 | Clearview Library,./reports/60.html,0,0,0,0,0
61,https://clearviewlibrary.org/about-us/learn-more/news/clearview-library-district-announces-summer-adventure-program-color-our,Clearview Library District announces summer adventure program: Color Our World | Clearview Library,./reports/61.html,0,0,0,0,0
62,https://clearviewlibrary.org/about-us/learn-more/news/real-baby-food-easy-all-natural-recipes-your-baby-and-toddler-jenna-helwig,"Real Baby Food: Easy, All-Natural Recipes for Your Baby and Toddler by Jenna Helwig | Clearview Library",./reports/62.html,0,0,0,0,0
63,https://clearviewlibrary.org/about-us/learn-more/news/young-writers-big-impact-katherine-applegate-launches-national-writing,"Young Writers, Big Impact: Katherine Applegate Launches National Writing Contest for Kids Ages 8 to 12 | Clearview Library",./reports/63.html,0,0,0,0,0
64,https://clearviewlibrary.org/about-us/learn-more/news/database-spotlight,Database Spotlight | Clearview Library,./reports/64.html,0,0,0,0,0
65,https://clearviewlibrary.org/about-us/learn-more/news/try-mango-languages-asl-course-your-library-needs-your-help,Try Mango Languages’ ASL Course – Your Library Needs Your Help! | Clearview Library,./reports/65.html,0,0,0,0,0
66,https://clearviewlibrary.org/about-us/learn-more/news/reserve-meeting-rooms-after-hours-severance-library,Reserve Meeting Rooms After-Hours at Severance Library | Clearview Library,./reports/66.html,0,0,0,0,0
67,https://clearviewlibrary.org/services/technology/ask-a-tech,Ask A Tech | Clearview Library,./reports/67.html,0,0,0,0,0
68,https://clearviewlibrary.org/website-accessibility,Website Accessibility | Clearview Library,./reports/68.html,1,0,0,1,0
69,https://clearviewlibrary.org/about-us/learn-more/news/clearview-library-now-offers-online-crafting-classes,Clearview Library Now Offers Online Crafting Classes | Clearview Library,./reports/69.html,0,0,0,0,0
7,https://clearviewlibrary.org/borrow-research/books-movies-more,"Books, Movies, & More | Clearview Library",./reports/7.html,0,0,0,0,0
70,https://clearviewlibrary.org/about-us/learn-more/news/5-ways-library-can-help-homework,5 Ways the Library Can Help with Homework | Clearview Library,./reports/70.html,0,0,0,0,0
71,https://clearviewlibrary.org/about-us/learn-more/news/newspaperscom-gives-online-access-historical-papers,Newspapers.com Gives Online Access to Historical Papers | Clearview Library,./reports/71.html,0,0,0,0,0
72,https://clearviewlibrary.org/borrow-research/adventure-pass,Adventure Pass | Clearview Library,./reports/72.html,0,0,0,0,0
73,https://clearviewlibrary.org/borrow-research/research?field_resource_category_target_id=77,Research | Clearview Library,./reports/73.html,0,0,0,0,0
74,https://clearviewlibrary.org/borrow-research/research?field_resource_category_target_id=20,Research | Clearview Library,./reports/74.html,0,0,0,0,0
75,https://clearviewlibrary.org/borrow-research/research?field_resource_category_target_id=18,Research | Clearview Library,./reports/75.html,0,0,0,0,0
76,https://clearviewlibrary.org/borrow-research/research?field_resource_category_target_id=19,Research | Clearview Library,./reports/76.html,0,0,0,0,0
77,https://clearviewlibrary.org/borrow-research/research?field_resource_category_target_id=16,Research | Clearview Library,./reports/77.html,0,0,0,0,0
78,https://clearviewlibrary.org/borrow-research/research?field_resource_category_target_id=23,Research | Clearview Library,./reports/78.html,0,0,0,0,0
79,https://clearviewlibrary.org/borrow-research/research?field_resource_category_target_id=25,Research | Clearview Library,./reports/79.html,0,0,0,0,0
8,https://clearviewlibrary.org/borrow-research/books-movies-more/downloads-streaming,Downloads & Streaming | Clearview Library,./reports/8.html,0,0,0,0,0
80,https://clearviewlibrary.org/borrow-research/research?field_resource_category_target_id=24,Research | Clearview Library,./reports/80.html,0,0,0,0,0
81,https://clearviewlibrary.org/borrow-research/research?field_resource_category_target_id=21,Research | Clearview Library,./reports/81.html,0,0,0,0,0
82,https://clearviewlibrary.org/borrow-research/research?field_resource_category_target_id=26,Research | Clearview Library,./reports/82.html,0,0,0,0,0
83,https://clearviewlibrary.org/borrow-research/research?field_resource_category_target_id=62,Research | Clearview Library,./reports/83.html,0,0,0,0,0
84,https://clearviewlibrary.org/borrow-research/research/general-research,General Research | Clearview Library,./reports/84.html,0,0,0,0,0
85,https://clearviewlibrary.org/borrow-research/research/automotive,Automotive | Clearview Library,./reports/85.html,0,0,0,0,0
86,https://clearviewlibrary.org/borrow-research/research/health-science,Health & Science | Clearview Library,./reports/86.html,0,0,0,0,0
87,https://clearviewlibrary.org/borrow-research/research/hobbies,Hobbies | Clearview Library,./reports/87.html,0,0,0,0,0
88,https://clearviewlibrary.org/borrow-research/research/technology,Technology | Clearview Library,./reports/88.html,0,0,0,0,0
89,https://clearviewlibrary.org/borrow-research/research/books-literature-0?field_resource_category_target_id=77,Books & Literature | Clearview Library,./reports/89.html,0,0,0,0,0
9,https://clearviewlibrary.org/borrow-research/books-movies-more/explore-kits,"""Library of Things"": Check Out an Adventure with Explore Kits | Clearview Library",./reports/9.html,0,0,0,0,0
90,https://clearviewlibrary.org/borrow-research/research/books-literature-0?field_resource_category_target_id=20,Books & Literature | Clearview Library,./reports/90.html,0,0,0,0,0
91,https://clearviewlibrary.org/borrow-research/research/books-literature-0?field_resource_category_target_id=18,Books & Literature | Clearview Library,./reports/91.html,0,0,0,0,0
92,https://clearviewlibrary.org/borrow-research/research/books-literature-0?field_resource_category_target_id=19,Books & Literature | Clearview Library,./reports/92.html,0,0,0,0,0
93,https://clearviewlibrary.org/borrow-research/research/books-literature-0?field_resource_category_target_id=16,Books & Literature | Clearview Library,./reports/93.html,0,0,0,0,0
94,https://clearviewlibrary.org/borrow-research/research/books-literature-0?field_resource_category_target_id=23,Books & Literature | Clearview Library,./reports/94.html,0,0,0,0,0
95,https://clearviewlibrary.org/borrow-research/research/books-literature-0?field_resource_category_target_id=25,Books & Literature | Clearview Library,./reports/95.html,0,0,0,0,0
96,https://clearviewlibrary.org/borrow-research/research/books-literature-0?field_resource_category_target_id=24,Books & Literature | Clearview Library,./reports/96.html,0,0,0,0,0
97,https://clearviewlibrary.org/borrow-research/research/books-literature-0?field_resource_category_target_id=21,Books & Literature | Clearview Library,./reports/97.html,0,0,0,0,0
98,https://clearviewlibrary.org/borrow-research/research/books-literature-0?field_resource_category_target_id=26,Books & Literature | Clearview Library,./reports/98.html,0,0,0,0,0
99,https://clearviewlibrary.org/borrow-research/research/books-literature-0?field_resource_category_target_id=62,Books & Literature | Clearview Library,./reports/99.html,0,0,0,0,0
